Wavelengths,Transmission
300,96.04
300.450075,95.85483846
300.90015,95.66985558
301.350225,95.48505137
301.8003001,95.30042582
302.2503751,95.11597893
302.7004501,94.93171071
303.1505251,94.74762116
303.6006001,94.56371026
304.0506751,94.37997804
304.5007501,94.19642448
304.9508251,94.01304958
305.4009002,93.82985335
305.8509752,93.64683578
306.3010502,93.46399687
306.7511252,93.28133663
307.2012002,93.09885506
307.6512752,92.91655215
308.1013502,92.7344279
308.5514252,92.55248232
309.0015003,92.37071541
309.4515753,92.18912716
309.9016503,92.00771757
310.3517253,91.82648665
310.8018003,91.64543439
311.2518753,91.46456079
311.7019503,91.28386586
312.1520253,91.1033496
312.6021004,90.923012
313.0521754,90.74285306
313.5022504,90.56287279
313.9523254,90.38307119
314.4024004,90.20344824
314.8524754,90.02400397
315.3025504,89.84473835
315.7526254,89.66565141
316.2027005,89.48674312
316.6527755,89.3080135
317.1028505,89.12946255
317.5529255,88.95109026
318.0030005,88.77289663
318.4530755,88.59488167
318.9031505,88.41704538
319.3532255,88.23938775
319.8033006,88.06190878
320.2533756,87.88460848
320.7034506,87.70748684
321.1535256,87.53054386
321.6036006,87.35377955
322.0536756,87.17719391
322.5037506,87.00078693
322.9538256,86.82455861
323.4039007,86.64850896
323.8539757,86.47263798
324.3040507,86.29694566
324.7541257,86.121432
325.2042007,85.94609701
325.6542757,85.77094068
326.1043507,85.59596301
326.5544257,85.42116402
327.0045008,85.24654368
327.4545758,85.07210201
327.9046508,84.89783901
328.3547258,84.72375467
328.8048008,84.54984899
329.2548758,84.37612198
329.7049508,84.20257363
330.1550258,84.02920395
330.6051009,83.85601293
331.0551759,83.68300058
331.5052509,83.51016689
331.9553259,83.33751186
332.4054009,83.1650355
332.8554759,82.99273781
333.3055509,82.82061878
333.7556259,82.64867841
334.205701,82.47691671
334.655776,82.30533367
335.105851,82.1339293
335.555926,81.96270359
336.006001,81.79165655
336.456076,81.62078817
336.906151,81.45009845
337.356226,81.2795874
337.8063011,81.10925502
338.2563761,80.9391013
338.7064511,80.76912624
339.1565261,80.59932985
339.6066011,80.42971212
340.0566761,80.26027306
340.5067511,80.09101266
340.9568261,79.92193093
341.4069012,79.75302786
341.8569762,79.58430346
342.3070512,79.41575772
342.7571262,79.24739064
343.2072012,79.07920223
343.6572762,78.91119249
344.1073512,78.7433614
344.5574262,78.57570899
345.0075013,78.40823523
345.4575763,78.24094015
345.9076513,78.07382372
346.3577263,77.90688596
346.8078013,77.74012687
347.2578763,77.57354644
347.7079513,77.40714468
348.1580263,77.24092158
348.6081014,77.07487714
349.0581764,76.90901137
349.5082514,76.74332426
349.9583264,76.57781582
350.4084014,76.41248604
350.8584764,76.24733493
351.3085514,76.08236248
351.7586264,75.91756869
352.2087015,75.75295357
352.6587765,75.58851712
353.1088515,75.42425933
353.5589265,75.2601802
354.0090015,75.09627974
354.4590765,74.93255794
354.9091515,74.76901481
355.3592265,74.60565034
355.8093016,74.44246454
356.2593766,74.2794574
356.7094516,74.11662893
357.1595266,73.95397912
357.6096016,73.79150797
358.0596766,73.62921549
358.5097516,73.46710168
358.9598266,73.30516653
359.4099017,73.14341004
359.8599767,72.98183222
360.3100517,72.82043306
360.7601267,72.65921257
361.2102017,72.49817074
361.6602767,72.33730757
362.1103517,72.17662307
362.5604267,72.01611724
363.0105018,71.85579007
363.4605768,71.69564156
363.9106518,71.53567172
364.3607268,71.37588054
364.8108018,71.21626803
365.2608768,71.05683418
365.7109518,70.897579
366.1610268,70.73850248
366.6111019,70.57960463
367.0611769,70.42088544
367.5112519,70.26234491
367.9613269,70.10398305
368.4114019,69.94579986
368.8614769,69.78779533
369.3115519,69.62996946
369.7616269,69.47232226
370.211702,69.31485372
370.661777,69.15756385
371.111852,69.00045264
371.561927,68.84352009
372.012002,68.68676622
372.462077,68.530191
372.912152,68.37379445
373.362227,68.21757656
373.8123021,68.06153734
374.2623771,67.90567679
374.7124521,67.74999489
375.1625271,67.59449167
375.6126021,67.4391671
376.0626771,67.28402121
376.5127521,67.12905397
376.9628271,66.9742654
377.4129022,66.8196555
377.8629772,66.66522426
378.3130522,66.51097168
378.7631272,66.35689777
379.2132022,66.20300252
379.6632772,66.04928594
380.1133522,65.89574802
380.5634272,65.74238877
381.0135023,65.58920818
381.4635773,65.43620626
381.9136523,65.283383
382.3637273,65.1307384
382.8138023,64.97827247
383.2638773,64.82598521
383.7139523,64.67387661
384.1640273,64.52194667
384.6141024,64.3701954
385.0641774,64.21862279
385.5142524,64.06722885
385.9643274,63.91601357
386.4144024,63.76497696
386.8644774,63.61411901
387.3145524,63.46343972
387.7646274,63.3129391
388.2147025,63.16261715
388.6647775,63.01247385
389.1148525,62.86250923
389.5649275,62.71272327
390.0150025,62.56311597
390.4650775,62.41368734
390.9151525,62.26443737
391.3652275,62.11536606
391.8153026,61.96647342
392.2653776,61.81775945
392.7154526,61.66922414
393.1655276,61.52086749
393.6156026,61.37268951
394.0656776,61.2246902
394.5157526,61.07686954
394.9658276,60.92922756
395.4159027,60.78176423
395.8659777,60.63447958
396.3160527,60.48737358
396.7661277,60.34044625
397.2162027,60.19369759
397.6662777,60.04712759
398.1163527,59.90073625
398.5664277,59.75452358
399.0165028,59.60848958
399.4665778,59.46263423
399.9166528,59.31695756
400.3667278,0.026193419
400.8168028,0.037002734
401.2668778,0.049661878
401.7169528,0.064165612
402.1670278,0.080508702
402.6171029,0.09868592
403.0671779,0.118692042
403.5172529,0.14052185
403.9673279,0.16417013
404.4174029,0.189631673
404.8674779,0.216901275
405.3175529,0.245973738
405.7676279,0.276843867
406.217703,0.309506474
406.667778,0.343956374
407.117853,0.380188387
407.567928,0.418197341
408.018003,0.457978064
408.468078,0.499525393
408.918153,0.542834168
409.368228,0.587899235
409.8183031,0.634715443
410.2683781,0.683277648
410.7184531,0.733580709
411.1685281,0.785619493
411.6186031,0.839388869
412.0686781,0.894883711
412.5187531,0.9520989
412.9688281,1.011029321
413.4189032,1.071669862
413.8689782,1.134015418
414.3190532,1.19806089
414.7691282,1.26380118
415.2192032,1.3312312
415.6692782,1.400345861
416.1193532,1.471140085
416.5694282,1.543608795
417.0195033,1.61774692
417.4695783,1.693549393
417.9196533,1.771011155
418.3697283,1.850127147
418.8198033,1.93089232
419.2698783,2.013301626
419.7199533,2.097350025
420.1700283,2.183032479
420.6201034,2.270343957
421.0701784,2.359279432
421.5202534,2.449833882
421.9703284,2.500587478
422.4204034,2.245083156
422.8704784,2.003567866
423.3205534,1.776002461
423.7706284,1.562347831
424.2207035,1.362564904
424.6707785,1.176614646
425.1208535,1.004458057
425.5709285,0.846056179
426.0210035,0.701370086
426.4710785,0.570360893
426.9211535,0.45298975
427.3712285,0.349217846
427.8213036,0.259006406
428.2713786,0.182316691
428.7214536,0.119110003
429.1715286,0.069347676
429.6216036,0.032991086
430.0716786,0.010001643
430.5217536,0.018986657
430.9718286,0.038333356
431.4219037,0.064378879
431.8719787,0.097103721
432.3220537,0.136488394
432.7721287,0.182513431
433.2222037,0.235159383
433.6722787,0.29440682
434.1223537,0.360236331
434.5724287,0.432628524
435.0225038,0.511564025
435.4725788,0.59702348
435.9226538,0.688987554
436.3727288,0.787436929
436.8228038,0.892352308
437.2728788,1.003714412
437.7229538,1.12150398
438.1730288,1.245701773
438.6231039,1.274656098
439.0731789,1.235796117
439.5232539,1.197573523
439.9733289,1.159986616
440.4234039,1.123033695
440.8734789,1.086713062
441.3235539,1.051023019
441.7736289,1.015961871
442.223704,0.981527925
442.673779,0.947719488
443.123854,0.91453487
443.573929,0.881972382
444.024004,0.850030336
444.474079,0.818707047
444.924154,0.78800083
445.374229,0.757910004
445.8243041,0.728432887
446.2743791,0.699567801
446.7244541,0.671313066
447.1745291,0.643667008
447.6246041,0.616627951
448.0746791,0.590194224
448.5247541,0.564364154
448.9748291,0.539136072
449.4249042,0.514508311
449.8749792,0.490479203
450.3250542,0.467047083
450.7751292,0.44421029
451.2252042,0.42196716
451.6752792,0.400316034
452.1253542,0.379255254
452.5754292,0.358783163
453.0255043,0.338898106
453.4755793,0.319598428
453.9256543,0.300882479
454.3757293,0.282748608
454.8258043,0.265195166
455.2758793,0.248220506
455.7259543,0.231822982
456.1760293,0.216000951
456.6261044,0.20075277
457.0761794,0.186076798
457.5262544,0.171971397
457.9763294,0.158434929
458.4264044,0.145465758
458.8764794,0.13306225
459.3265544,0.121222772
459.7766294,0.109945693
460.2267045,0.099229384
460.6767795,0.089072217
461.1268545,0.079472566
461.5769295,0.070428805
462.0270045,0.061939312
462.4770795,0.054002466
462.9271545,0.046616647
463.3772295,0.039780237
463.8273046,0.033491618
464.2773796,0.027749177
464.7274546,0.022551299
465.1775296,0.017896373
465.6276046,0.013782789
466.0776796,0.20433744
466.5277546,0.8497696
466.9778296,1.935297685
467.4279047,3.459591983
467.8779797,5.421324124
468.3280547,7.819167075
468.7781297,8.716381293
469.2282047,8.574594018
469.6782797,8.434101848
470.1283547,8.294901488
470.5784297,8.156989647
471.0285048,8.020363036
471.4785798,7.885018369
471.9286548,7.750952364
472.3787298,7.61816174
472.8288048,7.486643223
473.2788798,7.356393538
473.7289548,7.227409415
474.1790298,7.099687588
474.6291049,6.973224792
475.0791799,6.848017767
475.5292549,6.724063256
475.9793299,6.601358003
476.4294049,6.479898757
476.8794799,6.359682271
477.3295549,6.240705298
477.7796299,6.122964597
478.229705,6.006456929
478.67978,5.891179058
479.129855,5.777127752
479.57993,5.856457722
480.030005,6.437370031
480.48008,7.045105916
480.930155,7.679580532
481.38023,8.340709126
481.8303051,9.028407031
482.2803801,9.742589666
482.7304551,10.48317254
483.1805301,11.25007125
483.6306051,12.04320147
484.0806801,12.86247898
484.5307551,13.70781964
484.9808301,14.57913938
485.4309052,15.47635425
485.8809802,16.39938036
486.3310552,17.34813393
486.7811302,18.32253124
487.2312052,19.32248868
487.6812802,20.31287374
488.1313552,19.81960968
488.5814302,19.33288596
489.0315053,18.85268467
489.4815803,18.37898789
489.9316553,17.91177776
490.3817303,17.4510364
490.8318053,16.99674596
491.2818803,16.54888863
491.7319553,16.10744657
492.1820303,15.672402
492.6321054,15.24373714
493.0821804,14.82143423
493.5322554,14.40547553
493.9823304,13.99584332
494.4324054,13.59251988
494.8824804,13.19548754
495.3325554,12.80472861
495.7826304,12.42022545
496.2327055,12.04196042
496.6827805,11.6699159
497.1328555,11.30407429
497.5829305,10.94441801
498.0330055,10.5909295
498.4830805,10.2435912
498.9331555,9.902385587
499.3832305,9.567295151
499.8333056,9.238302395
500.2833806,0.1905824
500.7334556,0.189947512
501.1835306,0.189120568
501.6336056,0.188101808
502.0836806,0.188550824
502.5337556,0.19597639
502.9838306,0.203024874
503.4339057,0.209665951
503.8839807,0.215871116
504.3340557,0.200311848
504.7841307,0.178833663
505.2342057,0.159046602
505.6842807,0.140867599
506.1343557,0.116221206
506.5844307,0.078992436
507.0345058,0.049916507
507.4845808,0.028229904
507.9346558,0.013193175
508.3847308,0.010543951
508.8348058,0.009480426
509.2848808,0.008497603
509.7349558,0.007591538
510.1850308,0.012330472
510.6351059,0.030194414
511.0851809,0.054234899
511.5352559,0.083161893
511.9853309,0.115754987
512.4354059,0.152504228
512.8854809,0.229426427
513.3355559,0.33205928
513.7856309,0.465594988
514.235706,0.602001401
514.685781,0.730786929
515.135856,0.878974334
515.585931,1.048436448
516.036006,1.230328925
516.486081,1.297117544
516.936156,1.35977369
517.386231,1.417853363
517.8363061,1.470948473
518.2863811,1.369780944
518.7364561,1.173501236
519.1865311,0.971102242
519.6366061,0.768797657
520.0866811,0.570832841
520.5367561,0.378766813
520.9868311,0.215031325
521.4369062,0.090181032
521.8869812,0.015661176
522.3370562,0.041251075
522.7871312,0.142326828
523.2372062,0.315384595
523.6872812,0.57174492
524.1373562,0.964853939
524.5874312,1.61239689
525.0375063,2.469986002
525.4875813,3.563740216
525.9376563,4.92117818
526.3877313,5.99153044
526.8378063,7.112201763
527.2878813,8.374539789
527.7379563,9.789523497
528.1880313,10.95498907
528.6381064,11.612883
529.0881814,10.5841966
529.5382564,8.960699442
529.9883314,7.447540156
530.4384064,5.501595583
530.8884814,3.926575782
531.3385564,2.691471793
531.7886314,1.7495368
532.2387065,0.978851959
532.6887815,0.448930221
533.1388565,0.165499488
533.5889315,0.040010724
534.0390065,0.002524997
534.4890815,0.003983603
534.9391565,0.019271456
535.3892315,0.02548431
535.8393066,0.015700294
536.2893816,0.030333706
536.7394566,0.104392284
537.1895316,0.22856234
537.6396066,0.364612966
538.0896816,0.54586659
538.5397566,0.821141258
538.9898316,1.157223026
539.4399067,1.556405004
539.8899817,2.021021506
540.3400567,2.329569812
540.7901317,2.588629592
541.2402067,2.864708578
541.6902817,3.158317934
542.1403567,3.356216825
542.5904317,3.308895061
543.0405068,3.26082046
543.4905818,3.212012796
543.9406568,3.162492515
544.3907318,3.145964947
544.8408068,3.133984746
545.2908818,3.121445068
545.7409568,3.108347038
546.1910318,3.211967347
546.6411069,3.484422014
547.0911819,3.77117727
547.5412569,4.072617903
547.9913319,3.569190201
548.4414069,3.793486242
548.8914819,4.026525967
549.3415569,4.269814631
549.7916319,4.523659519
550.241707,4.807409144
550.691782,5.147438037
551.141857,5.505414021
551.591932,5.882004466
552.042007,6.250978025
552.492082,6.681857837
552.942157,7.133965819
553.392232,7.586934405
553.8423071,7.362179829
554.2923821,6.85254494
554.7424571,6.248198758
555.1925321,5.671500078
555.6426071,5.122495071
556.0926821,4.459000921
556.5427571,3.180593821
556.9928321,2.161425912
557.4429072,1.407250787
557.8929822,0.867962518
558.3430572,0.486896823
558.7931322,0.243557641
559.2432072,0.154825694
559.6932822,0.104197133
560.1433572,0.088313804
560.5934322,0.131168521
561.0435073,0.180466135
561.4935823,0.235320845
561.9436573,0.294879776
562.3937323,0.312823031
562.8438073,0.323901786
563.2938823,0.334322734
563.7439573,0.344045801
564.1940323,0.3431385
564.6441074,0.329185504
565.0941824,0.31554814
565.5442574,0.30256979
565.9943324,0.290073395
566.4444074,0.280930695
566.8944824,0.271851419
567.3445574,0.262800553
567.7946324,0.253784105
568.2447075,0.246283018
568.6947825,0.23928748
569.1448575,0.23186109
569.5949325,0.224343078
570.0450075,0.219721464
570.4950825,0.222671264
570.9451575,0.225421571
571.3952325,0.227969064
571.8453076,0.230310772
572.2953826,0.2359321
572.7454576,0.242782041
573.1955326,0.248477394
573.6456076,0.253809259
574.0956826,0.259067537
574.5457576,0.26504361
574.9958326,0.270603999
575.4459077,0.275737388
575.8959827,0.280434408
576.3460577,0.284680552
576.7961327,0.28847316
577.2462077,0.290089127
577.6962827,0.290848842
578.1463577,0.290286776
578.5964327,0.288962894
579.0465078,0.290944482
579.4965828,0.292614926
579.9466578,0.293971714
580.3967328,0.291742814
580.8468078,0.290249376
581.2968828,0.312765401
581.7469578,0.336880165
582.1970328,0.361403536
582.6471079,0.384412957
583.0971829,0.408378251
583.5472579,0.433322385
583.9973329,0.459268667
584.4474079,0.480773304
584.8974829,0.502742626
585.3475579,0.524951754
585.7976329,0.546446941
586.247708,0.567120245
586.697783,0.587052709
587.147858,0.607174718
587.597933,0.625770717
588.048008,0.644021718
588.498083,0.671985548
588.948158,0.700008413
589.398233,0.70757237
589.8483081,0.728891884
590.2983831,0.760284795
590.7484581,0.796749654
591.1985331,0.835591835
591.6486081,0.875549732
592.0986831,0.916800029
592.5487581,0.949690663
592.9988331,0.981792628
593.4489082,1.013739162
593.8989832,1.049004605
594.3490582,1.087315278
594.7991332,1.125011275
595.2492082,1.163116271
595.6992832,1.208268191
596.1493582,1.253475961
596.5994332,1.294673877
597.0495083,1.336550055
597.4995833,1.379097214
597.9496583,1.422307453
598.3997333,1.43240734
598.8498083,1.476134976
599.2998833,1.530642298
599.7499583,1.586598786
600.2000333,1.719938764
600.6501084,1.959997934
601.1001834,2.216448152
601.5502584,2.489416458
602.0003334,2.779021534
602.4504084,3.061392992
602.9004834,3.350678347
603.3505584,3.650858658
603.8006334,3.961664752
604.2507085,4.273880014
604.7007835,4.587111139
605.1508585,4.909665639
605.6009335,5.23961065
606.0510085,5.578837946
606.5010835,5.945495973
606.9511585,6.297318017
607.4012335,6.579176436
607.8513086,6.857244058
608.3013836,7.13463743
608.7514586,7.236786391
609.2015336,7.337192033
609.6516086,7.426977269
610.1016836,7.504924134
610.5517586,7.59627396
611.0018336,7.682273157
611.4519087,7.810972678
611.9019837,7.948426309
612.3520587,8.077813929
612.8021337,8.141248794
613.2522087,8.076238941
613.7022837,8.30329951
614.1523587,8.527589134
614.6024337,8.742228851
615.0525088,8.959840894
615.5025838,9.18042849
615.9526588,9.403994464
616.4027338,9.618021905
616.8528088,9.883552328
617.3028838,10.15406207
617.7529588,10.42960797
618.2030338,10.7009523
618.6531089,10.96540785
619.1031839,11.27559118
619.5532589,10.98278851
620.0033339,10.54882379
620.4534089,10.03746537
620.9034839,9.53512693
621.3535589,9.042114096
621.8036339,8.558732409
622.253709,9.475560099
622.703784,10.90720471
623.153859,12.42887575
623.603934,14.03854546
624.054009,15.7305995
624.504084,17.43719944
624.954159,17.35612545
625.404234,16.36029009
625.8543091,15.40259404
626.3043841,14.47548268
626.7544591,13.58267611
627.2045341,12.66215676
627.6546091,11.78313899
628.1046841,10.95739261
628.5547591,10.20469099
629.0048341,9.374712024
629.4549092,8.370971927
629.9049842,7.787435058
630.3550592,7.432423993
630.8051342,7.281248125
631.2552092,7.131622229
631.7052842,6.977783667
632.1553592,6.819874419
632.6054342,6.667357396
633.0555093,6.51644586
633.5055843,6.367151694
633.9556593,6.265136032
634.4057343,6.174746887
634.8558093,6.084405358
635.3058843,5.999156444
635.7559593,5.918068699
636.2060343,5.816051277
636.6561094,5.710850371
637.1061844,5.644203743
637.5562594,5.585935003
638.0063344,5.526467464
638.4564094,5.459728795
638.9064844,5.388724981
639.3565594,5.303117164
639.8066344,5.21739071
640.2567095,5.128721202
640.7067845,5.037970757
641.1568595,4.926591219
641.6069345,4.706910081
642.0570095,4.517648967
642.5070845,4.313783744
642.9571595,4.041211453
643.4072345,3.778565875
643.8573096,3.531530953
644.3073846,3.404946013
644.7574596,3.280272524
645.2075346,3.15846318
645.6576096,3.03948782
646.1076846,2.92224043
646.5577596,2.762746027
647.0078346,2.555834735
647.4579097,2.359778383
647.9079847,2.175214395
648.3580597,1.998866703
648.8081347,1.835542461
649.2582097,1.702402475
649.7082847,1.605502543
650.1583597,1.516993159
650.6084347,1.432638297
651.0585098,1.351306498
651.5085848,1.272943738
651.9586598,1.197496386
652.4087348,1.128230931
652.8588098,1.044256559
653.3088848,0.964465613
653.7589598,0.906038702
654.2090348,0.85901396
654.6591099,0.813710556
655.1091849,0.769275175
655.5592599,0.72584984
656.0093349,0.686533641
656.4594099,0.648021695
656.9094849,0.610058185
657.3595599,0.572696264
657.8096349,0.535989641
658.25971,0.49986409
658.709785,0.46493144
659.15986,0.4342016
659.609935,0.40370558
660.06001,0.373502593
660.510085,0.343502975
660.96016,0.312692193
661.410235,0.281750253
661.8603101,0.252106921
662.3103851,0.223691234
662.7604601,0.196664477
663.2105351,0.192493647
663.6606101,0.217088708
664.1106851,0.243131269
664.5607601,0.270640207
665.0108351,0.299766256
665.4609102,0.330530235
665.9109852,0.36295296
666.3610602,0.396781478
666.8111352,0.430336412
667.2612102,0.464869404
667.7112852,0.500701788
668.1613602,0.537621802
668.6114352,0.575405028
669.0615103,0.614390205
669.5115853,0.654569485
669.9616603,0.681912548
670.4117353,0.705937136
670.8618103,0.736000194
671.3118853,0.769466871
671.7619603,0.790280242
672.2120353,0.810506903
672.6621104,0.830015603
673.1121854,0.849429271
673.5622604,0.868737084
674.0123354,0.887953601
674.4624104,0.907959691
674.9124854,0.927873415
675.3625604,0.947546109
675.8126354,0.965386561
676.2627105,0.985363553
676.7127855,1.006922882
677.1628605,1.03376462
677.6129355,1.064770359
678.0630105,1.096602592
678.5130855,1.131237588
678.9631605,1.166490763
679.4132355,1.209195107
679.8633106,1.219988407
680.3133856,1.22833556
680.7634606,1.236973557
681.2135356,1.245621649
681.6636106,1.254279703
682.1136856,1.263018161
682.5637606,1.277756523
683.0138356,1.292512431
683.4639107,1.307285657
683.9139857,1.322075978
684.3640607,1.334857232
684.8141357,1.345836036
685.2642107,1.35681062
685.7142857,1.367780849
686.1643607,1.378267703
686.6144357,1.384365051
687.0645108,1.38961534
687.5145858,1.394851259
687.9646608,1.400072777
688.4147358,1.404034045
688.8648108,1.407509731
689.3148858,1.401771822
689.7649608,1.396047563
690.2150358,1.38965557
690.6651109,1.375591583
691.1151859,1.35631576
691.5652609,1.337220945
692.0153359,1.318251567
692.4654109,1.297936215
692.9154859,1.272856476
693.3655609,1.271480912
693.8156359,1.296264421
694.265711,1.319683738
694.715786,1.342053358
695.165861,1.364232343
695.615936,1.386211408
696.066011,1.405721844
696.516086,1.422044466
696.966161,1.437958209
697.416236,1.453455374
697.8663111,1.468526846
698.3163861,1.481037405
698.7664611,1.492148804
699.2165361,1.502743446
699.6666111,1.512817167
700.1166861,1.530134455
700.5667611,1.553499775
701.0168361,1.576770167
701.4669112,1.599940126
701.9169862,1.623004234
702.3670612,1.65366172
702.8171362,1.68626402
703.2672112,1.725990609
703.7172862,1.769675316
704.1673612,1.816265963
704.6174362,1.86753038
705.0675113,1.920204304
705.5175863,1.982121156
705.9676613,2.045446218
706.4177363,2.112885701
706.8678113,2.182150106
707.3178863,2.253062978
707.7679613,2.325649873
708.2180363,2.400808623
708.6681114,2.483597258
709.1181864,2.568447916
709.5682614,2.655393725
710.0183364,2.744358495
710.4684114,2.832818275
710.9184864,2.923304059
711.3685614,3.015846292
711.8186364,3.110477866
712.2687115,3.20461978
712.7187865,3.138005163
713.1688615,3.03170414
713.6189365,2.922479423
714.0690115,2.814002315
714.5190865,2.703609404
714.9691615,2.594992187
715.4192365,2.488178877
715.8693116,2.383197675
716.3193866,2.268751283
716.7694616,2.154801848
717.2195366,2.044063792
717.6696116,1.936514798
718.1196866,1.970123694
718.5697616,2.064730625
719.0198366,2.161074756
719.4699117,2.259124115
719.9199867,2.358846946
720.3700617,2.439325097
720.8201367,2.506558312
721.2702117,2.572594139
721.7202867,2.639307926
722.1703617,2.726618009
722.6204367,2.808054365
723.0705118,2.889298368
723.5205868,2.970295266
723.9706618,3.050991555
724.4207368,3.117889955
724.8708118,3.18309129
725.3208868,3.25072639
725.7709618,3.31719041
726.2210368,3.377220406
726.6711119,3.43016949
727.1211869,3.481249263
727.5712619,3.530414232
728.0213369,3.591257934
728.4714119,3.738504381
728.9214869,3.868158289
729.3715619,3.960800012
729.8216369,4.008107873
730.271712,4.063856961
730.721787,4.136888255
731.171862,4.210540018
731.621937,4.284809547
732.072012,4.364211296
732.522087,4.468614228
732.972162,4.574804155
733.422237,4.682800915
733.8723121,4.792624462
734.3223871,4.915071554
734.7724621,5.044228386
735.2225371,5.175955942
735.6726121,5.310290353
736.1226871,5.494222855
736.5727621,5.690843621
737.0228371,5.889673478
737.4729122,6.059702121
737.9229872,6.219665022
738.3730622,6.338515654
738.8231372,6.457093979
739.2732122,6.577380677
739.7232872,6.699393346
740.1733622,6.815601435
740.6234372,6.921105522
741.0735123,7.022448246
741.5235873,7.115424333
741.9736623,7.209287286
742.4237373,7.28070323
742.8738123,7.351017147
743.3238873,7.409570933
743.7739623,7.464063653
744.2240373,7.504014677
744.6741124,7.52897532
745.1241874,7.553628357
745.5742624,7.547662859
746.0243374,7.533316235
746.4744124,7.491140774
746.9244874,7.44466074
747.3745624,7.395748014
747.8246374,7.346763428
748.2747125,7.273605158
748.7247875,7.185189009
749.1748625,7.096961883
749.6249375,7.008930426
750.0750125,6.913013339
750.5250875,6.777236664
750.9751625,6.64838828
751.4252375,6.530139115
751.8753126,6.412127709
752.3253876,6.253251748
752.7754626,6.079774206
753.2255376,5.907638324
753.6756126,5.74927348
754.1256876,5.584402741
754.5757626,5.380957294
755.0258376,5.179060804
755.4759127,4.978842494
755.9259877,4.780432956
756.3760627,4.536754247
756.8261377,4.254217737
757.2762127,4.007189177
757.7262877,3.787975031
758.1763627,3.608888985
758.6264377,3.482939337
759.0765128,3.325400251
759.5265878,3.172497195
759.9766628,3.024178241
760.4267378,2.979944939
760.8768128,2.94124409
761.3268878,2.902520754
761.7769628,2.863782242
762.2270378,2.84756334
762.6771129,2.85437997
763.1271879,2.860337043
763.5772629,2.865426148
764.0273379,2.870095929
764.4774129,2.880900582
764.9274879,2.890729984
765.3775629,2.89957211
765.8276379,2.90741545
766.277713,2.909216096
766.727788,2.906962929
767.177863,2.929358748
767.627938,3.199279186
768.078013,3.481313019
768.528088,3.761772922
768.978163,4.055438432
769.428238,4.362571558
769.8783131,4.68343674
770.3283881,4.994242378
770.7784631,5.306764754
771.2285381,5.62983331
771.6786131,5.963747825
772.1286881,6.295641054
772.5787631,6.604016794
773.0288381,6.918080383
773.4789132,7.237711484
773.9289882,7.562790003
774.3790632,7.848524486
774.8291382,8.127409594
775.2792132,8.407962621
775.7292882,7.432567474
776.1793632,6.329063163
776.6294382,5.305791673
777.0795133,4.387044829
777.5295883,3.568555312
777.9796633,2.846112947
778.4297383,3.278358282
778.8798133,4.101180767
779.3298883,4.988083493
779.7799633,5.931189728
780.2300383,6.893771731
780.6801134,7.855599529
781.1301884,8.094473726
781.5802634,8.008217626
782.0303384,7.907452885
782.4804134,7.698699123
782.9304884,7.482199003
783.3805634,7.258329014
783.8306384,6.948790813
784.2807135,6.490107789
784.7307885,6.006734225
785.1808635,5.564298196
785.6309385,5.129894114
786.0810135,4.683722896
786.5310885,4.114285167
786.9811635,3.578831227
787.4312385,3.07827233
787.8813136,2.61318333
788.3313886,2.265678191
788.7814636,1.968855576
789.2315386,1.691550356
789.6816136,1.434077222
790.1316886,1.266937355
790.5817636,1.276705881
791.0318386,1.286517757
791.4819137,1.296373077
791.9319887,1.306271937
792.3820637,1.452046919
792.8321387,1.632424461
793.2822137,1.824200157
793.7322887,2.027507698
794.1823637,2.238461938
794.6324387,2.45720536
795.0825138,2.689595207
795.5325888,2.933895418
795.9826638,3.190280416
796.4327388,3.354267491
796.8828138,3.518957456
797.3328888,3.688453186
797.7829638,3.862811376
798.2330388,3.981952744
798.6831139,4.046814827
799.1331889,4.112384442
799.5832639,4.177245084
800.0333389,4.219248048
800.4834139,4.18482162
800.9334889,4.150457263
801.3835639,4.11615596
801.8336389,4.081918697
802.283714,4.017254461
802.733789,3.935273972
803.183864,3.853974192
803.633939,3.773360302
804.084014,3.690545027
804.534089,3.596023878
804.984164,3.502544071
805.434239,3.409503394
805.8843141,3.316491624
806.3343891,3.234814213
806.7844641,3.157523889
807.2345391,3.081060141
807.6846141,3.005426938
808.1346891,2.942386065
808.5847641,2.906341299
809.0348391,2.870266355
809.4849142,2.834379398
809.9349892,2.798681143
810.3850642,2.831484059
810.8351392,2.874399296
811.2852142,2.917733642
811.7352892,2.961489179
812.1853642,3.035584563
812.6354392,3.154566798
813.0855143,3.275738254
813.5355893,3.389141897
813.9856643,3.504825093
814.4357393,3.68251631
814.8858143,3.86720621
815.3358893,4.057015482
815.7859643,4.251985572
816.2360393,4.462530748
816.6861144,4.688499629
817.1361894,4.917574519
817.5862644,5.152713175
818.0363394,5.390851135
818.4864144,5.598785911
818.9364894,5.811186292
819.3865644,6.027697552
819.8366394,6.247379248
820.2867145,6.410858313
820.7367895,6.541897403
821.1868645,6.674534872
821.6369395,6.808778564
822.0870145,6.918358691
822.5370895,6.918918189
822.9871645,6.917102873
823.4372395,6.902042238
823.8873146,6.886995081
824.3373896,6.754342664
824.7874646,6.584277768
825.2375396,6.411164588
825.6876146,6.235732248
826.1376896,6.016536852
826.5877646,5.698864628
827.0378396,5.390213021
827.4879147,5.094053106
827.9379897,4.80693815
828.3880647,4.439065203
828.8381397,4.072443242
829.2882147,3.721597053
829.7382897,3.386083439
830.1883647,3.06180092
830.6384397,2.74767019
831.0885148,2.450787354
831.5385898,2.171108637
831.9886648,1.908590225
832.4387398,1.752714674
832.8888148,1.609421422
833.3388898,1.471916608
833.7889648,1.340244647
834.2390398,1.294423604
834.6891149,1.320832962
835.1391899,1.347561093
835.5892649,1.375366817
836.0393399,1.417587686
836.4894149,1.597941613
836.9394899,1.789813386
837.3895649,1.99332058
837.8396399,2.208580857
838.289715,2.485309962
838.73979,2.815042469
839.189865,3.176353672
839.63994,3.56257264
840.090015,3.972320928
840.54009,4.39981529
840.990165,4.852619249
841.44024,5.324274773
841.8903151,5.818178826
842.3403901,6.30574345
842.7904651,6.805400985
843.2405401,7.327132314
843.6906151,7.871253738
844.1406901,8.505788028
844.5907651,9.151106986
845.0408401,9.827181288
845.4909152,10.45351189
845.9409902,11.05001129
846.3910652,11.6433137
846.8411402,12.25017878
847.2912152,12.87379695
847.7412902,13.51426502
848.1913652,14.15204112
848.6414402,14.77874051
849.0915153,15.42036576
849.5415903,16.07700042
849.9916653,16.75446173
850.4417403,17.37896063
850.8918153,18.01522113
851.3418903,18.66497694
851.7919653,19.32833212
852.2420403,19.93220201
852.6921154,20.4833586
853.1421904,21.04668201
853.5922654,21.62562213
854.0423404,22.1976411
854.4924154,22.61645577
854.9424904,23.04037037
855.3925654,23.4005532
855.8426404,23.73803828
856.2927155,23.93854386
856.7427905,24.06480892
857.1928655,24.19139812
857.6429405,24.31831139
858.0930155,24.39361601
858.5430905,24.26988718
858.9931655,24.14647726
859.4432405,24.02338621
859.8933156,23.90061402
860.3433906,23.55121488
860.7934656,23.13463959
861.2435406,22.67770341
861.6936156,22.22543223
862.1436906,21.66685714
862.5937656,20.88260981
863.0438406,20.11422719
863.4939157,19.36163218
863.9439907,18.62474765
864.3940657,17.5846
864.8441407,16.53252711
865.2942157,15.53172708
865.7442907,14.57059405
866.1943657,13.52884425
866.6444407,12.38545976
867.0945158,11.29303843
867.5445908,10.25151122
867.9946658,9.260809061
868.4447408,8.393552411
868.8948158,7.570125263
869.3448908,6.793088579
869.7949658,6.062776791
870.2450408,5.611255514
870.6951159,5.371941982
871.1451909,5.137648016
871.5952659,4.90838687
872.0453409,4.732715198
872.4954159,4.99669593
872.9454909,5.268063121
873.3955659,5.548073628
873.8456409,5.843136193
874.295716,6.272627175
874.745791,6.787081687
875.195866,7.323024231
875.645941,7.880589169
876.096016,8.432227778
876.546091,8.895587766
876.996166,9.361474489
877.446241,9.839638492
877.8963161,10.33010826
878.3463911,10.66403942
878.7964661,10.95244629
879.2465411,11.24493209
879.6966161,11.54150585
880.1466911,11.7953492
880.5967661,11.95451397
881.0468411,12.11486692
881.4969162,12.27641045
881.9469912,12.43914697
882.3970662,12.57042711
882.8471412,12.69850752
883.2972162,12.82809104
883.7472912,12.9584377
884.1973662,13.10747734
884.6474412,13.28060662
885.0975163,13.45501619
885.5475913,13.63070885
885.9976663,13.80768739
886.4477413,14.05222844
886.8978163,14.28636392
887.3478913,14.522353
887.7979663,14.76019363
888.2480413,15.02999984
888.6981164,15.32692621
889.1481914,15.60383155
889.5982664,15.85434669
890.0483414,16.10649297
890.4984164,16.36664746
890.9484914,16.62759468
891.3985664,16.87927997
891.8486414,17.12847349
892.2987165,17.34452691
892.7487915,17.54348554
893.1988665,17.74213147
893.6489415,17.94043402
894.0990165,18.11450254
894.5490915,18.20335147
894.9991665,18.29141744
895.4492415,18.3786886
895.8993166,18.46515304
896.3493916,18.41630335
896.7994666,18.27411726
897.2495416,18.13178677
897.6996166,17.98931178
898.1496916,17.77235157
898.5997666,17.40942327
899.0498416,17.05086291
899.4999167,16.69712251
899.9499917,16.34820692
900.4000667,15.75137759
900.8501417,15.13816413
901.3002167,14.54058435
901.7502917,13.95844744
902.2003667,13.24161811
902.6504417,12.36834742
903.1005168,11.56106159
903.5505918,10.78565541
904.0006668,10.04085242
904.4507418,9.04109296
904.9008168,8.099299045
905.3508918,7.214557038
905.8009668,6.385952774
906.2510418,5.597864687
906.7011169,4.855327436
907.1511919,4.169849937
907.6012669,3.540446118
908.0513419,3.004017401
908.5014169,2.791056479
908.9514919,2.58714438
909.4015669,2.392146046
909.8516419,2.205926342
910.301717,2.304737076
910.751792,2.555629386
911.201867,2.827080122
911.651942,3.111675946
912.102017,3.454674762
912.552092,3.979567948
913.002167,4.54047018
913.452242,5.137169287
913.9023171,5.769452974
914.3523921,6.339348232
914.8024671,6.922113528
915.2525421,7.531434652
915.7026171,8.167426643
916.1526921,8.741539984
916.6027671,9.158754715
917.0528421,9.588049191
917.5029172,10.0296038
917.9529922,10.48190641
918.4030672,10.73467216
918.8531422,10.96616896
919.3032172,11.20052242
919.7532922,11.43774438
920.2033672,11.57264137
920.6534422,11.59532
921.1035173,11.61783316
921.5535923,11.64017977
922.0036673,11.66150014
922.4537423,11.57841371
922.9038173,11.46922723
923.3538923,11.35270702
923.8039673,11.23687121
924.2540423,11.0934951
924.7041174,10.94158704
925.1541924,10.79104848
925.6042674,10.64187351
926.0543424,10.49033847
926.5044174,10.3134137
926.9544924,10.13842473
927.4045674,9.96536165
927.8546424,9.794214557
928.3047175,9.616531326
928.7547925,9.436946752
929.2048675,9.259520453
929.6549425,9.084240464
930.1050175,8.88408847
930.5550925,8.652211182
931.0051675,8.424348707
931.4552425,8.200466996
931.9053176,7.980531978
932.3553926,7.75380007
932.8054676,7.529429703
933.2555426,7.309999849
933.7056176,7.09484225
934.1556926,6.869718826
934.6057676,6.623163696
935.0558426,6.423901802
935.5059177,6.233575357
935.9559927,6.046709666
936.4060677,5.774408712
936.8561427,5.499965483
937.3062177,5.233153792
937.7562927,4.973905046
938.2063677,4.636020688
938.6564427,4.211032803
939.1065178,3.807770367
939.5565928,3.426036008
940.0066678,3.062158473
940.4567428,2.506898607
940.9068178,2.008766384
941.3568928,1.567192533
941.8069678,1.181611607
942.2570428,0.916256323
942.7071179,0.728807264
943.1571929,0.563335018
943.6072679,0.419615136
944.0573429,0.34538275
944.5074179,0.667314526
944.9574929,1.092140456
945.4075679,1.618458614
945.8576429,2.244852585
946.307718,3.137106837
946.757793,4.258478135
947.207868,5.54174868
947.657943,6.983489315
948.108018,8.41579566
948.558093,9.415975665
949.008168,10.39388451
949.458243,11.31094291
949.9083181,12.2496878
950.3583931,12.90904787
950.8084681,13.46596639
951.2585431,14.02529781
951.7086181,14.58638173
952.1586931,14.93230275
952.6087681,14.48022261
953.0588431,14.67106614
953.5089182,14.85314768
953.9589932,15.02611488
954.4090682,14.76887937
954.8591432,14.20364899
955.3092182,13.66541378
955.7592932,13.78296478
956.2093682,13.85983886
956.6594432,13.89021608
957.1095183,13.91778604
957.5595933,13.82607858
958.0096683,13.63662609
958.4597433,13.41491471
958.9098183,13.31354584
959.3598933,13.20902167
959.8099683,13.12484891
960.2600433,13.01325336
960.7101184,12.87917401
961.1601934,12.74345162
961.6102684,12.63342628
962.0603434,12.62842351
962.5104184,12.58330384
962.9604934,12.53808598
963.4105684,12.49276985
963.8606434,12.44735538
964.3107185,12.36831356
964.7607935,12.31376557
965.2108685,12.38981018
965.6609435,12.46522541
966.1110185,12.52581925
966.5610935,12.49887174
967.0111685,12.45854144
967.4612435,12.41772279
967.9113186,12.37642066
968.3613936,12.29398994
968.8114686,12.28776088
969.2615436,12.2782973
969.7116186,12.22107818
970.1616936,12.12212551
970.6117686,11.96404534
971.0618436,11.80443444
971.5119187,11.631793
971.9619937,11.42282534
972.4120687,11.12132888
972.8621437,10.81388067
973.3122187,10.50923494
973.7622937,10.20746629
974.2123687,9.871234033
974.6624437,9.497899149
975.1125188,9.130063085
975.5625938,8.767832223
976.0126688,8.379375935
976.4627438,8.009124408
976.9128188,7.643475902
977.3628938,7.287559466
977.8129688,6.941292588
978.2630438,6.747244496
978.7131189,6.615822581
979.1631939,6.485650319
979.6132689,6.356722614
980.0633439,6.239722776
980.5134189,6.453991379
980.9634939,6.543777398
981.4135689,6.42960987
981.8636439,6.657182425
982.313719,7.043641514
982.763794,7.440482177
983.213869,7.809584412
983.663944,8.163248237
984.114019,8.510833303
984.564094,8.876011909
985.014169,9.232671556
985.464244,9.579516902
985.9143191,9.104324746
986.3643941,8.771449185
986.8144691,8.936986563
987.2645441,9.094332497
987.7146191,9.243034641
988.1646941,9.336634536
988.6147691,9.342332936
989.0648441,8.727723925
989.5149192,8.132553349
989.9649942,7.821575651
990.4150692,7.423310333
990.8651442,6.957525086
991.3152192,6.476137603
991.7652942,5.978971586
992.2153692,5.655401816
992.6654442,5.433030648
993.1155193,5.206018331
993.5655943,4.974331846
994.0156693,4.737441482
994.4657443,4.648842677
994.9158193,4.56688483
995.3658943,4.483755291
995.8159693,4.399448541
996.2660443,4.309270174
996.7161194,4.214953928
997.1661944,4.119815777
997.6162694,4.023853158
998.0663444,3.697943763
998.5164194,3.317678449
998.9664944,2.958745464
999.4165694,2.622732748
999.8666444,2.284900393
1000.316719,1.943982204
1000.766794,1.601245064
1001.216869,1.417945513
1001.666944,1.270499064
1002.11702,1.122390549
1002.567095,0.973443822
1003.01717,0.850438396
1003.467245,0.852043979
1003.91732,0.853651304
1004.367395,0.85502173
1004.81747,0.856339583
1005.267545,0.857658508
1005.71762,0.858978503
1006.167695,0.845542117
1006.61777,0.778883701
1007.067845,0.711994395
1007.51792,0.644873757
1007.967995,0.577521346
1008.41807,0.509339837
1008.868145,0.440511582
1009.31822,0.388145682
1009.768295,0.387491201
1010.21837,0.386813858
1010.668445,0.386112376
1011.11852,0.385411469
1011.568595,0.384711138
1012.01867,0.384009925
1012.468745,0.383275676
1012.91882,0.382542149
1013.368895,0.381809343
1013.81897,0.409433969
1014.269045,0.437701607
1014.71912,0.465896964
1015.169195,0.494031374
1015.61927,0.522104856
1016.069345,0.550112999
1016.51942,0.578034255
1016.969495,0.605891736
1017.41957,0.633616112
1017.869645,0.661268171
1018.31972,0.688837022
1018.769795,0.716332473
1019.21987,0.743630191
1019.669945,0.769443381
1020.12002,0.795074339
1020.570095,0.820510773
1021.02017,0.823796361
1021.470245,0.820798423
1021.92032,0.817806598
1022.370395,0.814804323
1022.82047,0.811804729
1023.270545,0.808811389
1023.72062,0.805824299
1024.170695,0.802837436
1024.62077,0.799847045
1025.070845,0.800843532
1025.52092,0.774601276
1025.970995,0.698506141
1026.42107,0.622071672
1026.871145,0.5453082
1027.32122,0.468215876
1027.771295,0.390794138
1028.22137,0.341113134
1028.671445,0.313456347
1029.12152,0.285681519
1029.571595,0.257788452
1030.02167,0.229776831
1030.471745,0.201644586
1030.92182,0.173394102
1031.371895,0.145025186
1031.82197,0.093603097
1032.272045,0.013735603
1032.72212,0.009333768
1033.172195,0.009352965
1033.62227,0.009372182
1034.072345,0.009391408
1034.52242,0.009410599
1034.972495,0.00942981
1035.42257,0.009449041
1035.872645,0.007824813
1036.32272,0.005299185
1036.772795,0.003264113
1037.22287,0.001719662
1037.672945,0.000665881
1038.123021,0.000102819
1038.573096,1.66723E-05
1039.023171,7.58924E-05
1039.473246,0.000177961
1039.923321,0.000322883
1040.373396,0.000510658
1040.823471,0.000741292
1041.273546,0.000876118
1041.723621,0.000805228
1042.173696,0.000737326
1042.623771,0.000672411
1043.073846,0.000610486
1043.523921,0.00055155
1043.973996,0.000495604
1044.424071,0.000442647
1044.874146,0.00039268
1045.324221,0.000345705
1045.774296,0.000301719
1046.224371,0.000260725
1046.674446,0.000222722
1047.124521,0.00018771
1047.574596,0.00015569
1048.024671,0.000126661
1048.474746,0.000100625
1048.924821,7.75802E-05
1049.374896,0.000116339
1049.824971,0.000204158
1050.275046,0.000212989
1050.725121,0.000169972
1051.175196,8.91809E-05
1051.625271,2.64583E-05
1052.075346,1.20531E-06
1052.525421,1.20122E-06
1052.975496,1.19714E-06
1053.425571,1.19307E-06
1053.875646,1.18899E-06
1054.325721,1.18492E-06
1054.775796,1.18085E-06
1055.225871,1.17678E-06
1055.675946,1.17271E-06
1056.126021,1.16865E-06
1056.576096,1.16458E-06
1057.026171,1.16052E-06
1057.476246,1.15647E-06
1057.926321,1.15241E-06
1058.376396,1.14836E-06
1058.826471,1.14431E-06
1059.276546,1.14026E-06
1059.726621,1.13621E-06
1060.176696,1.13217E-06
1060.626771,1.05344E-06
1061.076846,9.49655E-07
1061.526921,8.45939E-07
1061.976996,7.42295E-07
1062.427071,6.38723E-07
1062.877146,5.35225E-07
1063.327221,4.31799E-07
1063.777296,3.28446E-07
1064.227371,2.25165E-07
1064.677446,1.21958E-07
1065.127521,1.88234E-08
1065.577596,#NUM!
1066.027671,#NUM!
1066.477746,#NUM!
1066.927821,#NUM!
1067.377896,#NUM!
1067.827971,#NUM!
1068.278046,#NUM!
1068.728121,#NUM!
1069.178196,#NUM!
1069.628271,#NUM!
1070.078346,#NUM!
1070.528421,#NUM!
1070.978496,#NUM!
1071.428571,#NUM!
1071.878646,#NUM!
1072.328721,#NUM!
1072.778796,#NUM!
1073.228871,#NUM!
1073.678946,#NUM!
1074.129022,#NUM!
1074.579097,#NUM!
1075.029172,#NUM!
1075.479247,#NUM!
1075.929322,#NUM!
1076.379397,#NUM!
1076.829472,#NUM!
1077.279547,#NUM!
1077.729622,#NUM!
1078.179697,#NUM!
1078.629772,#NUM!
1079.079847,#NUM!
1079.529922,#NUM!
1079.979997,#NUM!
1080.430072,#NUM!
1080.880147,#NUM!
1081.330222,#NUM!
1081.780297,#NUM!
1082.230372,#NUM!
1082.680447,#NUM!
1083.130522,#NUM!
1083.580597,#NUM!
1084.030672,#NUM!
1084.480747,#NUM!
1084.930822,#NUM!
1085.380897,#NUM!
1085.830972,#NUM!
1086.281047,#NUM!
1086.731122,#NUM!
1087.181197,#NUM!
1087.631272,#NUM!
1088.081347,#NUM!
1088.531422,#NUM!
1088.981497,#NUM!
1089.431572,#NUM!
1089.881647,#NUM!
1090.331722,#NUM!
1090.781797,#NUM!
1091.231872,#NUM!
1091.681947,#NUM!
1092.132022,#NUM!
1092.582097,#NUM!
1093.032172,#NUM!
1093.482247,#NUM!
1093.932322,#NUM!
1094.382397,#NUM!
1094.832472,0.000375386
1095.282547,0.006453391
1095.732622,0.014456717
1096.182697,0.024598563
1096.632772,0.04689914
1097.082847,0.07658743
1097.532922,0.112366258
1097.982997,0.154725994
1098.433072,0.204156904
1098.883147,0.261149361
1099.333222,0.326193683
1099.783297,0.399780166
1100.233372,0.454926964
1100.683447,0.503218781
1101.133522,0.554652275
1101.583597,0.588060965
1102.033672,0.59879162
1102.483747,0.609515697
1102.933822,0.620233442
1103.383897,0.630944857
1103.833972,0.641649945
1104.284047,0.652348559
1104.734122,0.663040757
1105.184197,0.673726626
1105.634272,0.684406168
1106.084347,0.695079322
1106.534422,0.705745866
1106.984497,0.716406079
1107.434572,0.727059964
1107.884647,0.737707522
1108.334722,0.748348554
1108.784797,0.758983188
1109.234872,0.769611494
1109.684947,0.770406627
1110.135023,0.769829848
1110.585098,0.769253058
1111.035173,0.768676525
1111.485248,0.768100248
1111.935323,0.767524228
1112.385398,0.766948139
1112.835473,0.766372252
1113.285548,0.765796621
1113.735623,0.765221247
1114.185698,0.764645988
1114.635773,0.764070783
1115.085848,0.763495835
1115.535923,0.762921145
1115.985998,0.78444878
1116.436073,0.806165151
1116.886148,0.82786856
1117.336223,0.849559026
1117.786298,0.871236554
1118.236373,0.894123694
1118.686448,0.917127657
1119.136523,0.940182395
1119.586598,0.963287934
1120.036673,0.986444252
1120.486748,1.003629191
1120.936823,1.016311836
1121.386898,1.02902123
1121.836973,1.041757385
1122.287048,1.054519862
1122.737123,1.067308856
1123.187198,1.080124635
1123.637273,1.091953586
1124.087348,1.103483982
1124.537423,1.115012116
1124.987498,1.126538661
1125.437573,1.138063616
1125.887648,1.149586981
1126.337723,1.161108088
1126.787798,1.172627366
1127.237873,1.184145035
1127.687948,1.195661093
1128.138023,1.207175207
1128.588098,1.218686941
1129.038173,1.230197043
1129.488248,1.2670871
1129.938323,1.307274858
1130.388398,1.347455888
1130.838473,1.387631046
1131.288548,1.427800497
1131.738623,1.46796424
1132.188698,1.508121589
1132.638773,1.548272216
1133.088848,1.588417042
1133.538923,1.628556064
1133.988998,1.668689282
1134.439073,1.735548523
1134.889148,1.862177184
1135.339223,1.988787284
1135.789298,2.115378815
1136.239373,2.241950266
1136.689448,2.368501565
1137.139523,2.495033958
1137.589598,2.621547437
1138.039673,2.748041625
1138.489748,2.875101386
1138.939823,3.010457038
1139.389898,3.145792008
1139.839973,3.281106291
1140.290048,3.416396401
1140.740123,3.551663541
1141.190198,3.686909545
1141.640273,3.823576988
1142.090348,3.96801759
1142.540423,4.112429411
1142.990498,4.256818098
1143.440573,4.401183643
1143.890648,4.545526039
1144.340723,4.68983791
1144.790798,4.834123728
1145.240873,4.993699545
1145.690948,5.361163093
1146.141024,5.728562227
1146.591099,6.095891017
1147.041174,6.463157751
1147.491249,6.830362411
1147.941324,7.164716688
1148.391399,7.434271013
1148.841474,7.703775937
1149.291549,7.97323381
1149.741624,8.817116057
1150.191699,9.746574103
1150.641774,10.23673245
1151.091849,10.43873812
1151.541924,10.64070716
1151.991999,10.84263956
1152.442074,11.04450007
1152.892149,11.24632198
1153.342224,11.44810592
1153.792299,11.60429226
1154.242374,11.74928512
1154.692449,12.6286311
1155.142524,14.29566357
1155.592599,15.000075
1156.042674,15.52537573
1156.492749,16.10193029
1156.942824,16.69772135
1157.392899,17.88972465
1157.842974,18.80239015
1158.293049,19.39760244
1158.743124,19.99264757
1159.193199,20.57528945
1159.643274,21.10371251
1160.093349,21.63199074
1160.543424,22.16005509
1160.993499,23.85851732
1161.443574,25.91970346
1161.893649,25.5593325
1162.343724,26.63122893
1162.793799,27.70281914
1163.243874,28.68701933
1163.693949,29.14428525
1164.144024,29.60137098
1164.594099,30.0582002
1165.044174,30.75196858
1165.494249,31.54808298
1165.944324,32.29785718
1166.394399,32.98650555
1166.844474,33.69023238
1167.294549,34.48527731
1167.744624,35.28009754
1168.194699,36.07455487
1168.644774,36.79425756
1169.094849,37.48814421
1169.544924,38.03496346
1169.994999,38.4209622
1170.445074,38.8072963
1170.895149,39.19772647
1171.345224,39.58802996
1171.795299,39.97820676
1172.245374,40.14531639
1172.695449,40.23719222
1173.145524,40.33345561
1173.595599,40.42971056
1174.045674,40.51378918
1174.495749,40.51156503
1174.945824,40.50933882
1175.395899,40.50711058
1175.845974,40.38128619
1176.296049,40.18413305
1176.746124,39.98678291
1177.196199,39.77068577
1177.646274,39.44578082
1178.096349,39.12075786
1178.546424,38.79520634
1178.996499,38.57153643
1179.446574,38.40603578
1179.896649,38.24055967
1180.346724,38.0744697
1180.796799,37.90822029
1181.246874,37.7420026
1181.696949,37.57581663
1182.147025,37.36252879
1182.5971,37.12451997
1183.047175,36.88656976
1183.49725,36.6486782
1183.947325,36.41084532
1184.3974,36.1720976
1184.847475,35.85878071
1185.29755,35.53123201
1185.747625,35.20378495
1186.1977,34.90161729
1186.647775,34.65152142
1187.09785,34.40151993
1187.547925,34.15161285
1187.998,33.90180021
1188.448075,33.59700453
1188.89815,33.26763397
1189.348225,32.93841703
1189.7983,32.65840376
1190.248375,32.61041667
1190.69845,32.56168545
1191.148525,32.51297637
1191.5986,32.46428941
1192.048675,32.41540252
1192.49875,32.48920806
1192.948825,32.7704313
1193.3989,33.05144465
1193.848975,33.33224813
1194.29905,33.6111138
1194.749125,33.96172227
1195.1992,34.33002623
1195.649275,34.64941503
1196.09935,34.91671579
1196.549425,35.18101604
1196.9995,35.44487607
1197.449575,35.70829625
1197.89965,35.8413847
1198.349725,35.95458299
1198.7998,36.0666038
1199.249875,36.17838453
1199.69995,89.62725998
1200.150025,92.08986638
1200.6001,92.07284433
1201.050175,92.05582387
1201.50025,92.03880501
1201.950325,92.02178774
1202.4004,92.00477206
1202.850475,91.98775798
1203.30055,91.97074548
1203.750625,91.95373458
1204.2007,91.93672528
1204.650775,91.91971756
1205.10085,91.90271144
1205.550925,91.88570691
1206.001,91.86870397
1206.451075,91.85170263
1206.90115,91.83470288
1207.351225,91.81770472
1207.8013,91.80070815
1208.251375,91.79643929
1208.70145,91.96206198
1209.151525,92.12780032
1209.6016,92.2936542
1210.051675,92.45962354
1210.50175,92.62570826
1210.951825,92.79190825
1211.4019,92.74203964
1211.851975,92.6881951
1212.30205,92.63437297
1212.752125,92.58057324
1213.2022,92.5267959
1213.652275,92.47304095
1214.10235,92.41930837
1214.552425,92.36559817
1215.0025,92.31191034
1215.452575,92.25824487
1215.90265,92.20460175
1216.352725,92.15098099
1216.8028,92.09738257
1217.252875,92.04380649
1217.70295,91.99025274
1218.153026,91.93672132
1218.603101,91.88321222
1219.053176,91.82972543
1219.503251,91.77626095
1219.953326,91.72281878
1220.403401,91.6693989
1220.853476,91.61600132
1221.303551,91.56262602
1221.753626,91.509273
1222.203701,91.45594226
1222.653776,91.40263378
1223.103851,91.34934756
1223.553926,91.29608361
1224.004001,91.2428419
1224.454076,91.18962243
1224.904151,91.28727337
1225.354226,91.51233875
1225.804301,91.73763647
1226.254376,91.96316637
1226.704451,92.18892829
1227.154526,92.41492207
1227.604601,92.48896587
1228.054676,92.38054808
1228.504751,92.27221073
1228.954826,92.1639538
1229.404901,92.05577725
1229.854976,91.94768106
1230.305051,91.83966518
1230.755126,91.73172961
1231.205201,91.6238743
1231.655276,91.51609922
1232.105351,91.40840435
1232.555426,91.30078965
1233.005501,91.1932551
1233.455576,91.08580067
1233.905651,90.97842632
1234.355726,90.87113203
1234.805801,90.76391777
1235.255876,90.65678351
1235.705951,90.54972921
1236.156026,90.44275486
1236.606101,90.33586041
1237.056176,90.22904584
1237.506251,90.12231113
1237.956326,90.01565623
1238.406401,89.96154473
1238.856476,90.36433849
1239.306551,90.76795403
1239.756626,91.17239084
1240.206701,91.5776484
1240.656776,91.98372618
1241.106851,92.38323768
1241.556926,92.30535014
1242.007001,92.2275067
1242.457076,92.14970735
1242.907151,92.07195206
1243.357226,91.99424084
1243.807301,91.91657366
1244.257376,91.83895051
1244.707451,91.76137137
1245.157526,91.68383623
1245.607601,91.60634508
1246.057676,91.5288979
1246.507751,91.45149468
1246.957826,91.37413541
1247.407901,91.29682006
1247.857976,91.21954863
1248.308051,91.1423211
1248.758126,91.06513745
1249.208201,90.98799768
1249.658276,90.91090177
1250.108351,90.8338497
1250.558426,90.75684146
1251.008501,90.67987704
1251.458576,90.60295642
1251.908651,90.52607958
1252.358726,90.44924652
1252.808801,90.37245722
1253.258876,90.29571166
1253.708951,90.21900984
1254.159027,90.14235173
1254.609102,90.06573732
1255.059177,90.11416612
1255.509252,90.24666451
1255.959327,90.37923248
1256.409402,90.51186997
1256.859477,90.64457691
1257.309552,90.77735324
1257.759627,90.9101989
1258.209702,91.04311383
1258.659777,91.17609797
1259.109852,91.30915125
1259.559927,91.44227363
1260.010002,91.57546503
1260.460077,91.61344001
1260.910152,91.52114086
1261.360227,91.42890222
1261.810302,91.33672406
1262.260377,91.24460637
1262.710452,91.15254912
1263.160527,91.0605523
1263.610602,90.96861588
1264.060677,90.87673984
1264.510752,90.78492417
1264.960827,90.69316883
1265.410902,90.6014738
1265.860977,90.50983908
1266.311052,90.41826463
1266.761127,90.32675043
1267.211202,90.23529647
1267.661277,90.14390272
1268.111352,90.05256916
1268.561427,89.96129577
1269.011502,89.87008253
1269.461577,89.77892941
1269.911652,89.68783641
1270.361727,89.59680349
1270.811802,89.50583063
1271.261877,89.4254164
1271.711952,89.48276478
1272.162027,89.54011774
1272.612102,89.59747526
1273.062177,89.65483733
1273.512252,89.71220393
1273.962327,89.76957506
1274.412402,89.8269507
1274.862477,89.88433084
1275.312552,89.94171546
1275.762627,89.99910455
1276.212702,90.05649809
1276.662777,90.11389608
1277.112852,90.1712985
1277.562927,90.22870534
1278.013002,90.28611658
1278.463077,90.34353221
1278.913152,90.40095222
1279.363227,90.4583766
1279.813302,90.51580532
1280.263377,90.57323839
1280.713452,90.63067577
1281.163527,90.68811747
1281.613602,90.74556347
1282.063677,90.80301375
1282.513752,90.77112964
1282.963827,90.70441675
1283.413902,90.63773767
1283.863977,90.57109241
1284.314052,90.50448094
1284.764127,90.43790325
1285.214202,90.37135935
1285.664277,90.30484921
1286.114352,90.23837282
1286.564427,90.17193018
1287.014502,90.10552128
1287.464577,90.0391461
1287.914652,89.97280463
1288.364727,89.90649687
1288.814802,89.8402228
1289.264877,89.77398242
1289.714952,89.70777571
1290.165028,89.64160267
1290.615103,89.57546328
1291.065178,89.50935753
1291.515253,89.44328541
1291.965328,89.37724692
1292.415403,89.31124203
1292.865478,89.24527076
1293.315553,89.17933307
1293.765628,89.11342896
1294.215703,89.04755843
1294.665778,88.98172146
1295.115853,88.91591803
1295.565928,88.85014815
1296.016003,88.7844118
1296.466078,88.71870897
1296.916153,88.65303965
1297.366228,88.58740383
1297.816303,88.5218015
1298.266378,88.45623265
1298.716453,88.40852609
1299.166528,88.43581908
1299.616603,88.46310806
1300.066678,88.49162228
1300.516753,88.52720477
1300.966828,88.5627903
1301.416903,88.59837886
1301.866978,88.63397046
1302.317053,88.66956508
1302.767128,88.70516273
1303.217203,88.7407634
1303.667278,88.7763671
1304.117353,88.81197381
1304.567428,88.84758354
1305.017503,88.88319629
1305.467578,88.91881204
1305.917653,88.95443081
1306.367728,88.99005258
1306.817803,89.02567736
1307.267878,89.06130514
1307.717953,89.09693591
1308.168028,89.13256969
1308.618103,89.16820646
1309.068178,89.20384622
1309.518253,89.23948897
1309.968328,89.22980359
1310.418403,89.21152434
1310.868478,89.19324789
1311.318553,89.17497425
1311.768628,89.1567034
1312.218703,89.13843536
1312.668778,89.12017011
1313.118853,89.10190767
1313.568928,89.08364803
1314.019003,89.06539119
1314.469078,89.04713714
1314.919153,89.0288859
1315.369228,89.01063746
1315.819303,88.99239181
1316.269378,88.97414897
1316.719453,88.95590892
1317.169528,88.93767167
1317.619603,88.91943722
1318.069678,88.90120556
1318.519753,88.88297671
1318.969828,88.86475064
1319.419903,88.84652738
1319.869978,88.82830691
1320.320053,88.81008924
1320.770128,88.79187437
1321.220203,88.77366229
1321.670278,88.755453
1322.120353,88.73724651
1322.570428,88.71904282
1323.020503,88.70084191
1323.470578,88.68264381
1323.920653,88.66444849
1324.370728,88.64625597
1324.820803,88.62806625
1325.270878,88.60987931
1325.720953,88.59169517
1326.171029,88.57656965
1326.621104,88.56814181
1327.071179,88.55971438
1327.521254,88.55128736
1327.971329,88.54286075
1328.421404,88.53443455
1328.871479,88.52600876
1329.321554,88.51758338
1329.771629,88.50915841
1330.221704,88.50073386
1330.671779,88.49230971
1331.121854,88.48388597
1331.571929,88.47546265
1332.022004,88.46703973
1332.472079,88.45861722
1332.922154,88.45019513
1333.372229,88.44177344
1333.822304,88.43335217
1334.272379,88.4249313
1334.722454,88.41651085
1335.172529,88.40809081
1335.622604,88.39967117
1336.072679,88.39125195
1336.522754,88.38283314
1336.972829,88.37441473
1337.422904,88.36599674
1337.872979,88.35757916
1338.323054,88.34916199
1338.773129,88.34074523
1339.223204,88.33232888
1339.673279,88.32391294
1340.123354,88.31549741
1340.573429,88.30708229
1341.023504,88.29866758
1341.473579,88.29025328
1341.923654,88.28183939
1342.373729,88.27342591
1342.823804,88.26501284
1343.273879,88.25660018
1343.723954,88.24818794
1344.174029,88.2397761
1344.624104,88.23136467
1345.074179,88.22295365
1345.524254,88.21454305
1345.974329,88.20613285
1346.424404,88.19772307
1346.874479,88.18931369
1347.324554,88.18090472
1347.774629,88.17249617
1348.224704,88.18188675
1348.674779,88.20263987
1349.124854,88.2233927
1349.574929,88.24414522
1350.025004,88.26489744
1350.475079,88.28564937
1350.925154,88.30640099
1351.375229,88.32715231
1351.825304,88.34790332
1352.275379,88.36865403
1352.725454,88.38940444
1353.175529,88.41015454
1353.625604,88.40426019
1354.075679,88.36669277
1354.525754,88.32913608
1354.975829,88.29159013
1355.425904,88.25405491
1355.875979,88.21653043
1356.326054,88.17901668
1356.776129,88.14151367
1357.226204,88.10402138
1357.676279,88.06653982
1358.126354,88.02906898
1358.576429,87.99160887
1359.026504,87.95415948
1359.476579,87.91672081
1359.926654,87.87929286
1360.376729,87.84187562
1360.826804,87.8044691
1361.276879,87.7670733
1361.726954,87.7296882
1362.17703,87.69231381
1362.627105,87.65495014
1363.07718,87.61759716
1363.527255,87.5802549
1363.97733,87.54292333
1364.427405,87.50560247
1364.87748,87.4682923
1365.327555,87.43099284
1365.77763,87.39370406
1366.227705,87.35642599
1366.67778,87.3191586
1367.127855,87.2819019
1367.57793,87.2446559
1368.028005,87.20742058
1368.47808,87.17019594
1368.928155,87.13298199
1369.37823,87.09577872
1369.828305,87.05858613
1370.27838,87.15559587
1370.728455,87.26282506
1371.17853,87.37010926
1371.628605,87.47744845
1372.07868,87.58484259
1372.528755,87.69229169
1372.97883,87.79979571
1373.428905,87.90735463
1373.87898,88.01496844
1374.329055,88.12263711
1374.77913,88.23036063
1375.229205,88.33813897
1375.67928,88.31449725
1376.129355,88.24795469
1376.57943,88.18144271
1377.029505,88.1149613
1377.47958,88.04851046
1377.929655,87.98209017
1378.37973,87.91570043
1378.829805,87.84934124
1379.27988,87.78301258
1379.729955,87.71671446
1380.18003,87.65044687
1380.630105,87.58420979
1381.08018,87.51800323
1381.530255,87.45182717
1381.98033,87.38568162
1382.430405,87.31956656
1382.88048,87.25348199
1383.330555,87.1874279
1383.78063,87.15371525
1384.230705,87.15361165
1384.68078,87.15350728
1385.130855,87.15340214
1385.58093,87.15329623
1386.031005,87.15318955
1386.48108,87.15308211
1386.931155,87.15297389
1387.38123,87.1528649
1387.831305,87.15275514
1388.28138,87.15264461
1388.731455,87.15253332
1389.18153,87.15242125
1389.631605,87.15230841
1390.08168,87.1521948
1390.531755,87.15208043
1390.98183,87.15196528
1391.431905,87.15184936
1391.88198,87.15173267
1392.332055,87.15161521
1392.78213,87.15149699
1393.232205,87.15137799
1393.68228,87.15125822
1394.132355,87.15113768
1394.58243,87.15101638
1395.032505,87.1508943
1395.48258,87.15077145
1395.932655,87.15064784
1396.38273,87.15052345
1396.832805,87.15039829
1397.28288,87.15027236
1397.732955,87.15014567
1398.183031,87.1500182
1398.633106,87.14988996
1399.083181,87.14976096
1399.533256,87.14963118
1399.983331,87.14950063
1400.433406,87.14141734
1400.883481,87.13302707
1401.333556,87.12463567
1401.783631,87.11624313
1402.233706,87.10784946
1402.683781,87.09945465
1403.133856,87.09105871
1403.583931,87.08266163
1404.034006,87.07426342
1404.484081,87.06586407
1404.934156,87.05746359
1405.384231,87.04906197
1405.834306,87.04065922
1406.284381,87.03225534
1406.734456,87.02385032
1407.184531,87.01544418
1407.634606,87.00703689
1408.084681,86.99862848
1408.534756,86.99021893
1408.984831,86.98180825
1409.434906,86.97339644
1409.884981,86.9649835
1410.335056,86.95656943
1410.785131,86.94815422
1411.235206,86.93973789
1411.685281,86.93132042
1412.135356,86.92290183
1412.585431,86.9144821
1413.035506,86.90606124
1413.485581,86.89763925
1413.935656,86.88921614
1414.385731,86.88079189
1414.835806,86.87236651
1415.285881,86.86394001
1415.735956,86.85551238
1416.186031,86.84708362
1416.636106,86.83865373
1417.086181,86.83022271
1417.536256,86.82179056
1417.986331,86.81335729
1418.436406,86.80492289
1418.886481,86.79648736
1419.336556,86.7880507
1419.786631,86.77961292
1420.236706,86.77117401
1420.686781,86.76273398
1421.136856,86.75429282
1421.586931,86.74585053
1422.037006,86.59307083
1422.487081,86.03064425
1422.937156,85.47015357
1423.387231,84.91159777
1423.837306,84.35497583
1424.287381,83.80028675
1424.737456,83.24752951
1425.187531,82.69670308
1425.637606,82.14780646
1426.087681,81.60083864
1426.537756,81.05579859
1426.987831,80.5126853
1427.437906,79.97149776
1427.887981,79.43223495
1428.338056,78.89489587
1428.788131,78.35947949
1429.238206,77.8259848
1429.688281,77.29441079
1430.138356,76.76475645
1430.588431,76.23702077
1431.038506,75.71120272
1431.488581,75.18730131
1431.938656,74.66531551
1432.388731,74.14524431
1432.838806,73.62708671
1433.288881,73.11084168
1433.738956,72.59650823
1434.189032,72.08408533
1434.639107,71.57357198
1435.089182,71.06496716
1435.539257,70.55826987
1435.989332,70.05347909
1436.439407,69.55059381
1436.889482,69.04961303
1437.339557,68.55053573
1437.789632,68.0533609
1438.239707,67.55808754
1438.689782,67.06471463
1439.139857,66.57324116
1439.589932,66.08366613
1440.040007,65.59598853
1440.490082,65.11020734
1440.940157,64.62632156
1441.390232,64.91506255
1441.840307,65.63173776
1442.290382,66.35220686
1442.740457,67.07646755
1443.190532,67.80451753
1443.640607,68.5363545
1444.090682,69.27197618
1444.540757,70.01138027
1444.990832,70.75456447
1445.440907,71.5015265
1445.890982,72.25226406
1446.341057,73.00677485
1446.791132,73.7650566
1447.241207,74.52710701
1447.691282,75.29292378
1448.141357,76.06250463
1448.591432,76.83584726
1449.041507,77.6129494
1449.491582,78.39380874
1449.941657,79.178423
1450.391732,79.9667899
1450.841807,80.75890714
1451.291882,81.55477245
1451.741957,82.35438352
1452.192032,82.56171754
1452.642107,81.48247143
1453.092182,80.41052753
1453.542257,79.34588183
1453.992332,78.2885303
1454.442407,77.23846892
1454.892482,76.19569367
1455.342557,75.16020054
1455.792632,74.13198551
1456.242707,73.11104456
1456.692782,72.09737367
1457.142857,71.09096883
1457.592932,70.09182603
1458.043007,69.09994124
1458.493082,68.11531046
1458.943157,67.13792968
1459.393232,66.16779488
1459.843307,65.20490205
1460.293382,64.24924718
1460.743457,63.30082626
1461.193532,62.35963529
1461.643607,61.42567026
1462.093682,60.49892715
1462.543757,59.57940196
1462.993832,58.66709069
1463.443907,59.48011734
1463.893982,60.3635201
1464.344057,61.25326097
1464.794132,62.14933615
1465.244207,63.05174185
1465.694282,63.96047427
1466.144357,64.8755296
1466.594432,65.79690405
1467.044507,66.72459383
1467.494582,67.65859513
1467.944657,68.59890416
1468.394732,69.54551713
1468.844807,70.49843024
1469.294882,71.45763971
1469.744957,72.42314173
1470.195033,73.39493251
1470.645108,74.37300827
1471.095183,75.35736521
1471.545258,76.34799955
1471.995333,77.3449075
1472.445408,78.34808526
1472.895483,79.35752905
1473.345558,80.37323509
1473.795633,81.39519959
1474.245708,80.24320593
1474.695783,77.74580314
1475.145858,75.28834693
1475.595933,72.87081464
1476.046008,70.49318361
1476.496083,68.15543119
1476.946158,66.24568958
1477.396233,64.71095546
1477.846308,63.19449618
1478.296383,61.69630145
1478.746458,60.21636095
1479.196533,58.75466439
1479.646608,57.31120146
1480.096683,55.88596186
1480.546758,54.4789353
1480.996833,53.09011148
1481.446908,51.71948011
1481.896983,50.36703089
1482.347058,49.62198135
1482.797133,49.98298083
1483.247208,50.34521684
1483.697283,50.70868858
1484.147358,51.07339528
1484.597433,51.43933617
1485.047508,51.80651047
1485.497583,52.1749174
1485.947658,52.54455619
1486.397733,52.91542607
1486.847808,53.28752624
1487.297883,53.66085595
1487.747958,54.03541441
1488.198033,54.41120085
1488.648108,54.78821449
1489.098183,55.16645456
1489.548258,55.54592028
1489.998333,55.92661088
1490.448408,56.37182645
1490.898483,57.50204422
1491.348558,58.64325612
1491.798633,59.79545558
1492.248708,60.95863604
1492.698783,62.13279094
1493.148858,63.31791371
1493.598933,64.5139978
1494.049008,65.72103666
1494.499083,66.93902372
1494.949158,68.16795243
1495.399233,69.40781624
1495.849308,70.65860859
1496.299383,71.92032294
1496.749458,73.19295274
1497.199533,74.47649143
1497.649608,75.77093248
1498.099683,77.07626932
1498.549758,78.39249543
1498.999833,77.47586818
1499.449908,76.08511218
1499.899983,74.70721479
1500.350058,73.34769058
1500.800133,72.00235698
1501.250208,70.66960355
1501.700283,69.39553428
1502.150358,68.1497486
1502.600433,66.91536491
1503.050508,65.69237994
1503.500583,64.48079045
1503.950658,63.28059317
1504.400733,62.09178484
1504.850808,60.9143622
1505.300883,59.748322
1505.750958,58.59366098
1506.201034,57.45037588
1506.651109,56.31846345
1507.101184,55.19792042
1507.551259,54.08874355
1508.001334,52.99092958
1508.451409,51.90447524
1508.901484,50.8293773
1509.351559,49.76563248
1509.801634,48.71323754
1510.251709,47.67218922
1510.701784,46.64248427
1511.151859,45.62411944
1511.601934,44.61709146
1512.052009,43.6213971
1512.502084,43.62752404
1512.952159,45.25779185
1513.402234,46.91780053
1513.852309,48.60754137
1514.302384,50.32700566
1514.752459,52.07618467
1515.202534,53.8550697
1515.652609,55.66365203
1516.102684,57.50192295
1516.552759,59.36987374
1517.002834,61.2674957
1517.452909,63.19478011
1517.902984,65.15171826
1518.353059,67.13830145
1518.803134,69.15452097
1519.253209,71.20036811
1519.703284,73.27583416
1520.153359,75.38091042
1520.603434,76.95822228
1521.053509,74.43490002
1521.503584,71.95387575
1521.953659,69.51513727
1522.403734,67.11867236
1522.853809,64.76446883
1523.303884,62.47674436
1523.753959,60.98014216
1524.204034,59.50182516
1524.654109,58.04178809
1525.104184,56.6000257
1525.554259,55.17653271
1526.004334,53.77130389
1526.454409,52.38433395
1526.904484,51.01561766
1527.354559,49.66514975
1527.804634,48.33292497
1528.254709,47.01893806
1528.704784,45.72318376
1529.154859,44.44565683
1529.604934,43.18635199
1530.055009,41.94526402
1530.505084,40.72238764
1530.955159,39.5177176
1531.405234,38.33124866
1531.855309,37.16297556
1532.305384,36.01289305
1532.755459,34.88099588
1533.205534,33.7672788
1533.655609,32.67173656
1534.105684,31.59436391
1534.555759,32.18854674
1535.005834,33.59102676
1535.455909,35.02327139
1535.905984,36.48527189
1536.356059,37.97701953
1536.806134,39.49850558
1537.256209,41.04972129
1537.706284,42.63065794
1538.156359,44.24130681
1538.606434,45.88165915
1539.056509,47.55170624
1539.506584,49.25143935
1539.956659,50.98084975
1540.406734,52.73992872
1540.856809,54.52866753
1541.306884,56.34705745
1541.756959,58.19508977
1542.207035,60.07275575
1542.65711,61.98004668
1543.107185,63.91695383
1543.55726,65.88346848
1544.007335,67.87958191
1544.45741,69.90528541
1544.907485,71.96057025
1545.35756,72.56541196
1545.807635,70.1727613
1546.25771,67.82044652
1546.707785,65.50845595
1547.15786,63.23677791
1547.607935,61.00540074
1548.05801,58.69042301
1548.508085,56.03662197
1548.95816,53.44446408
1549.408235,50.91393146
1549.85831,48.44500625
1550.308385,46.03767055
1550.75846,43.75567803
1551.208535,41.82678769
1551.65861,39.94155793
1552.108685,38.09997607
1552.55876,36.30202947
1553.008835,34.54770545
1553.45891,32.83699136
1553.908985,31.16987452
1554.35906,29.54634228
1554.809135,27.96638199
1555.25921,26.42998098
1555.709285,24.93712659
1556.15936,23.48780618
1556.609435,24.2003289
1557.05951,24.92655885
1557.509585,25.66345254
1557.95966,26.4110068
1558.409735,27.16921849
1558.85981,27.93808446
1559.309885,28.71760157
1559.75996,29.50776668
1560.210035,30.30857664
1560.66011,31.1200283
1561.110185,31.94211851
1561.56026,32.77484415
1562.010335,35.00573188
1562.46041,37.62202716
1562.910485,40.33233168
1563.36056,43.13661785
1563.810635,46.03485806
1564.26071,49.02702475
1564.710785,52.1130903
1565.16086,55.29302715
1565.610935,58.56680771
1566.06101,61.93440441
1566.511085,65.39578966
1566.96116,68.95093589
1567.411235,69.51023929
1567.86131,68.40836311
1568.311385,67.3153958
1568.76146,66.23133482
1569.211535,65.1561776
1569.66161,64.08992159
1570.111685,63.03256422
1570.56176,61.98410294
1571.011835,60.9445352
1571.46191,59.91385843
1571.911985,58.89207007
1572.36206,57.87916757
1572.812135,56.01950236
1573.26221,53.25415197
1573.712285,50.55905358
1574.16236,47.93418676
1574.612435,45.37953105
1575.06251,42.89506603
1575.512585,40.48077125
1575.96266,38.13662628
1576.412735,35.86261068
1576.86281,33.65870403
1577.312885,31.52488589
1577.76296,29.46113584
1578.213036,27.46743344
1578.663111,25.54375829
1579.113186,23.69008995
1579.563261,21.90640801
1580.013336,20.19269205
1580.463411,18.54892166
1580.913486,17.36107889
1581.363561,17.6749712
1581.813636,17.99164454
1582.263711,18.31109807
1582.713786,18.63333097
1583.163861,18.95834242
1583.613936,19.28613158
1584.064011,19.61669763
1584.514086,19.95003973
1584.964161,20.28615706
1585.414236,20.6250488
1585.864311,20.96671412
1586.314386,21.31115218
1586.764461,21.65836216
1587.214536,22.00834323
1587.664611,22.36109457
1588.114686,22.71661535
1588.564761,23.07490475
1589.014836,23.43596192
1589.464911,23.79978606
1589.914986,24.16637632
1590.365061,24.53573189
1590.815136,24.90785194
1591.265211,25.28273564
1591.715286,25.66038216
1592.165361,26.04079069
1592.615436,26.42396038
1593.065511,26.80989042
1593.515586,27.19857998
1593.965661,27.59002823
1594.415736,27.98423436
1594.865811,28.66076371
1595.315886,29.43086438
1595.765961,30.21109736
1596.216036,31.00145966
1596.666111,31.80194826
1597.116186,32.61256016
1597.566261,33.43329237
1598.016336,34.26414186
1598.466411,35.10510564
1598.916486,35.9561807
1599.366561,36.81736404
1599.816636,37.68865266
1600.266711,36.57419129
1600.716786,34.15570407
1601.166861,31.82016123
1601.616936,29.56753853
1602.067011,27.39781172
1602.517086,25.31095657
1602.967161,23.95153202
1603.417236,23.2529818
1603.867311,22.56483618
1604.317386,21.88709215
1604.767461,21.21974668
1605.217536,20.56279675
1605.667611,19.91623932
1606.117686,19.28007138
1606.567761,18.6542899
1607.017836,18.03889186
1607.467911,17.43387423
1607.917986,16.839234
1608.368061,16.25496814
1608.818136,15.68107362
1609.268211,15.11754743
1609.718286,14.56438655
1610.168361,14.02158795
1610.618436,13.4891486
1611.068511,13.15941694
1611.518586,13.44091438
1611.968661,13.7253627
1612.418736,14.01276103
1612.868811,14.30310847
1613.318886,14.59640416
1613.768961,14.89264721
1614.219037,15.19183674
1614.669112,15.49397188
1615.119187,15.79905175
1615.569262,16.10707546
1616.019337,16.41804214
1616.469412,16.79416622
1616.919487,18.08697497
1617.369562,19.42758195
1617.819637,20.81597303
1618.269712,22.25213413
1618.719787,23.73605111
1619.169862,25.26770988
1619.619937,26.84709633
1620.070012,28.47419635
1620.520087,30.14899584
1620.970162,31.8714807
1621.420237,33.64163682
1621.870312,35.45945011
1622.320387,36.29578061
1622.770462,37.01360034
1623.220537,37.73837707
1623.670612,38.47010873
1624.120687,39.20879325
1624.570762,39.95442854
1625.020837,40.70701253
1625.470912,41.46654314
1625.920987,42.23301829
1626.371062,43.00643591
1626.821137,43.78679391
1627.271212,44.57409023
1627.721287,42.60563539
1628.171362,39.62370328
1628.621437,36.7502187
1629.071512,33.98514985
1629.521587,31.32846492
1629.971662,28.78013213
1630.421737,26.76256644
1630.871812,25.06312561
1631.321887,23.41958532
1631.771962,21.83192919
1632.222037,20.30014083
1632.672112,18.82420384
1633.122187,17.75996586
1633.572262,17.02605267
1634.022337,16.30769488
1634.472412,15.60488794
1634.922487,14.9176273
1635.372562,14.24590842
1635.822637,13.58972673
1636.272712,12.9490777
1636.722787,12.32395677
1637.172862,11.7143594
1637.622937,11.12028104
1638.073012,10.54171713
1638.523087,10.32545204
1638.973162,10.72964172
1639.423237,11.14155029
1639.873312,11.56117546
1640.323387,11.98851492
1640.773462,12.42356639
1641.223537,12.86632758
1641.673612,13.31679619
1642.123687,13.77496994
1642.573762,14.24084652
1643.023837,14.71442366
1643.473912,15.19569905
1643.923987,15.8564775
1644.374062,17.30683453
1644.824137,18.82049939
1645.274212,20.39745335
1645.724287,22.03767767
1646.174362,23.74115363
1646.624437,25.58200057
1647.074512,28.1978961
1647.524587,30.94082983
1647.974662,33.81076416
1648.424737,36.80766151
1648.874812,39.93148429
1649.324887,43.15678098
1649.774962,44.13542993
1650.225038,45.12495272
1650.675113,46.12534609
1651.125188,47.1366068
1651.575263,48.15873159
1652.025338,49.19171721
1652.475413,50.23556041
1652.925488,51.29025795
1653.375563,52.35580656
1653.825638,53.432203
1654.275713,54.51944402
1654.725788,55.61752638
1655.175863,52.56749055
1655.625938,48.94645949
1656.076013,45.45496963
1656.526088,42.09298288
1656.976163,38.86046113
1657.426238,35.75736629
1657.876313,32.78366029
1658.326388,29.93930503
1658.776463,27.22426243
1659.226538,24.63849443
1659.676613,22.18196294
1660.126688,19.8546299
1660.576763,18.7389519
1661.026838,18.15730905
1661.476913,17.58489171
1661.926988,17.02169718
1662.377063,16.46772275
1662.827138,15.92296572
1663.277213,15.3874234
1663.727288,14.86109309
1664.177363,14.34397208
1664.627438,13.83605768
1665.077513,13.33734719
1665.527588,12.8478379
1665.977663,12.36752713
1666.427738,11.89641217
1666.877813,11.43449033
1667.327888,10.9817589
1667.777963,10.5382152
1668.228038,10.10385652
1668.678113,9.678680163
1669.128188,9.262683438
1669.578263,8.855863647
1670.028338,8.458218094
1670.478413,8.069744083
1670.928488,7.690438919
1671.378563,7.623763311
1671.828638,8.189470044
1672.278713,8.775362137
1672.728788,9.381433594
1673.178863,10.00767842
1673.628938,10.65409061
1674.079013,12.03163735
1674.529088,15.99003024
1674.979163,20.50993702
1675.429238,25.59119138
1675.879313,31.23362697
1676.329388,37.43707749
1676.779463,43.4298449
1677.229538,45.45886064
1677.679613,47.53399019
1678.129688,49.65521981
1678.579763,51.82253575
1679.029838,54.03592429
1679.479913,56.29537169
1679.929988,58.60086421
1680.380063,60.95238812
1680.830138,63.34992969
1681.280213,65.79347519
1681.730288,68.28301089
1682.180363,70.81852306
1682.630438,67.30375877
1683.080513,63.75172232
1683.530588,60.2963113
1683.980663,56.93749725
1684.430738,53.67525171
1684.880813,50.50954621
1685.330888,47.44035229
1685.780963,44.46764151
1686.231039,41.59138542
1686.681114,38.81155555
1687.131189,36.12812347
1687.581264,33.54106073
1688.031339,35.96844214
1688.481414,39.78633114
1688.931489,43.79635035
1689.381564,47.99844265
1689.831639,52.39255094
1690.281714,56.97861811
1690.731789,49.03180386
1691.181864,37.39115957
1691.631939,27.32653209
1692.082014,18.83745469
1692.532089,11.92346067
1692.982164,6.584083384
1693.432239,4.979087485
1693.882314,4.952224064
1694.332389,4.925435902
1694.782464,4.898722979
1695.232539,4.872085274
1695.682614,4.845522765
1696.132689,4.819035432
1696.582764,4.792623253
1697.032839,4.766286206
1697.482914,4.740024272
1697.932989,4.713837428
1698.383064,4.687725654
1698.833139,4.684751443
1699.283214,4.709879613
1699.733289,4.735072453
1700.183364,4.760329943
1700.633439,4.785652062
1701.083514,4.811038791
1701.533589,4.836490107
1701.983664,4.862005993
1702.433739,4.887586426
1702.883814,4.913231387
1703.333889,4.938940856
1703.783964,4.964714811
1704.234039,5.283784012
1704.684114,6.44735522
1705.134189,7.726489902
1705.584264,9.121153695
1706.034339,10.63131224
1706.484414,12.25693117
1706.934489,13.99797615
1707.384564,15.85441282
1707.834639,17.82620682
1708.284714,19.91332383
1708.734789,22.11572951
1709.184864,24.4333895
1709.634939,26.37523432
1710.085014,24.0037015
1710.535089,21.74408591
1710.985164,19.59635441
1711.435239,17.56047384
1711.885314,15.63641107
1712.335389,13.91965019
1712.785464,20.84425078
1713.235539,29.16122511
1713.685614,38.87015908
1714.135689,49.97063865
1714.585764,62.46224981
1715.035839,76.3445786
1715.485914,75.73068726
1715.935989,73.88677046
1716.386064,72.06575794
1716.836139,70.26764299
1717.286214,68.49241887
1717.736289,66.74007887
1718.186364,60.02142494
1718.636439,52.7581474
1719.086514,45.96377838
1719.536589,39.63817876
1719.986664,33.78120944
1720.436739,28.39273131
1720.886814,26.69660367
1721.336889,26.14854878
1721.786964,25.60623114
1722.23704,25.06964905
1722.687115,24.53880085
1723.13719,24.01368485
1723.587265,23.49429936
1724.03734,22.9806427
1724.487415,22.4727132
1724.93749,21.97050917
1725.387565,21.47402893
1725.83764,20.9832708
1726.287715,20.4982331
1726.73779,20.01891414
1727.187865,19.54531225
1727.63794,19.07742575
1728.088015,18.61525295
1728.53809,18.15879218
1728.988165,17.70804176
1729.43824,17.263
1729.888315,16.82366523
1730.33839,16.39003576
1730.788465,15.96210992
1731.23854,15.53988604
1731.688615,15.12336242
1732.13869,14.71253739
1732.588765,14.30740928
1733.03884,13.9079764
1733.488915,13.51423707
1733.93899,13.12618962
1734.389065,13.07708663
1734.83914,13.78750497
1735.289215,14.51663972
1735.73929,15.26448527
1736.189365,16.03103601
1736.63944,16.81628633
1737.089515,17.83386202
1737.53959,19.66584238
1737.989665,21.58717879
1738.43974,23.59784455
1738.889815,25.69781295
1739.33989,27.88705729
1739.789965,30.16555087
1740.24004,32.53326698
1740.690115,34.99017894
1741.14019,37.53626005
1741.590265,40.17148363
1742.04034,42.89582297
1742.490415,45.65156111
1742.94049,47.24994506
1743.390565,48.87566804
1743.84064,50.52872184
1744.290715,52.20909824
1744.74079,53.91678901
1745.190865,55.65178593
1745.64094,57.41408079
1746.091015,59.20366536
1746.54109,61.02053143
1746.991165,62.86467078
1747.44124,64.7360752
1747.891315,66.63473646
1748.34139,63.8104223
1748.791465,60.3653361
1749.24154,57.01617525
1749.691615,53.76291129
1750.14169,50.60551575
1750.591765,47.54396017
1751.04184,42.89991452
1751.491915,38.11193348
1751.94199,33.60761402
1752.392065,29.38687171
1752.84214,25.44962211
1753.292215,21.79578079
1753.74229,20.553501
1754.192365,20.19795189
1754.64244,19.84553967
1755.092515,19.4962634
1755.54259,19.15012217
1755.992665,18.80711506
1756.44274,18.46724115
1756.892815,18.13049951
1757.34289,17.79688923
1757.792965,17.46640938
1758.243041,17.13905905
1758.693116,16.81483732
1759.143191,16.49374326
1759.593266,16.17577595
1760.043341,15.86093449
1760.493416,15.54921794
1760.943491,15.24062539
1761.393566,14.93515591
1761.843641,15.2485309
1762.293716,16.33494458
1762.743791,17.458626
1763.193866,18.619564
1763.643941,19.81774737
1764.094016,21.05316494
1764.544091,22.32580553
1764.994166,23.63565796
1765.444241,24.98271104
1765.894316,26.36695361
1766.344391,27.78837448
1766.794466,29.24696248
1767.244541,30.74270644
1767.694616,32.27559517
1768.144691,33.84561752
1768.594766,35.45276231
1769.044841,37.09701836
1769.494916,38.77837452
1769.944991,39.41447205
1770.395066,35.53593018
1770.845141,31.85858634
1771.295216,28.38238053
1771.745291,25.10725277
1772.195366,22.03314305
1772.645441,19.92115426
1773.095516,24.99342949
1773.545591,30.63977092
1773.995666,36.86000659
1774.445741,43.65396454
1774.895816,51.02147286
1775.345891,58.87258782
1775.795966,60.24567766
1776.246041,61.63445586
1776.696116,63.03891766
1777.146191,64.45905831
1777.596266,65.89487305
1778.046341,67.34635712
1778.496416,68.81350577
1778.946491,70.29631425
1779.396566,71.79477781
1779.846641,73.30889168
1780.296716,74.83865112
1780.746791,76.38405137
1781.196866,75.43336897
1781.646941,74.00864919
1782.097016,72.59765186
1782.547091,71.20037292
1782.997166,69.81680835
1783.447241,68.44695408
1783.897316,62.91747985
1784.347391,56.31529803
1784.797466,50.07957806
1785.247541,44.21021047
1785.697616,38.70708579
1786.147691,33.57009457
1786.597766,30.74232726
1787.047841,29.01221334
1787.497916,27.33236808
1787.947991,25.7027765
1788.398066,24.12342362
1788.848141,22.59429446
1789.298216,21.40943363
1789.748291,20.47040812
1790.198366,19.55253044
1790.648441,18.6557943
1791.098516,17.7801934
1791.548591,16.92572145
1791.998666,16.27526243
1792.448741,15.82843443
1792.898816,15.38786937
1793.348891,14.9535654
1793.798966,14.52552064
1794.249042,14.10373325
1794.699117,14.03180991
1795.149192,14.48660148
1795.599267,14.94859951
1796.049342,15.41780182
1796.499417,15.89420623
1796.949492,16.37781056
1797.399567,16.86861262
1797.849642,17.36661025
1798.299717,17.87180124
1798.749792,18.38418344
1799.199867,18.90375465
1799.649942,19.43051269
1800.100017,19.96445539
1800.550092,20.50558057
1801.000167,21.05388604
1801.450242,21.60936963
1801.900317,22.17202916
1802.350392,22.74186245
1802.800467,23.51000547
1803.250542,25.56136692
1803.700617,27.69830185
1804.150692,29.92078448
1804.600767,32.22878903
1805.050842,34.62228972
1805.500917,37.1012608
1805.950992,39.66567648
1806.401067,42.315511
1806.851142,45.05073861
1807.301217,47.87133353
1807.751292,50.77727001
1808.201367,53.7685223
1808.651442,53.76579348
1809.101517,53.63201827
1809.551592,53.49842251
1810.001667,53.36500617
1810.451742,53.2317692
1810.901817,53.09871155
1811.351892,52.96583316
1811.801967,52.833134
1812.252042,52.70061401
1812.702117,52.56827314
1813.152192,52.43611136
1813.602267,52.3041286
1814.052342,50.73086969
1814.502417,48.79166149
1814.952492,46.89043067
1815.402567,45.02716592
1815.852642,43.20185589
1816.302717,41.41448928
1816.752792,39.66505475
1817.202867,37.95354098
1817.652942,36.27993666
1818.103017,34.64423047
1818.553092,33.04641108
1819.003167,31.48646718
1819.453242,30.10018849
1819.903317,28.83129394
1820.353392,27.58984679
1820.803467,26.37583886
1821.253542,25.18926195
1821.703617,24.03010786
1822.153692,22.73933009
1822.603767,21.34166395
1823.053842,19.9884577
1823.503917,18.67969803
1823.953992,17.41537162
1824.404067,16.19546518
1824.854142,15.41215261
1825.304217,15.15998052
1825.754292,14.90991332
1826.204367,14.66195038
1826.654442,14.41609108
1827.104517,14.1723348
1827.554592,13.93068093
1828.004667,13.69112882
1828.454742,13.45367788
1828.904817,13.21832746
1829.354892,12.98507696
1829.804967,12.75392575
1830.255043,12.63574767
1830.705118,12.84228279
1831.155193,13.05047109
1831.605268,13.26031205
1832.055343,13.47180517
1832.505418,13.68494995
1832.955493,13.89974587
1833.405568,14.11619243
1833.855643,14.33428913
1834.305718,14.55403545
1834.755793,14.77543089
1835.205868,14.99847495
1835.655943,15.32489033
1836.106018,16.86378736
1836.556093,18.47613326
1837.006168,20.16190583
1837.456243,21.9210829
1837.906318,23.75364225
1838.356393,25.65956169
1838.806468,30.50078197
1839.256543,35.7852187
1839.706618,41.49101676
1840.156693,47.61804893
1840.606768,54.16618798
1841.056843,61.13530672
1841.506918,58.79822559
1841.956993,55.53850117
1842.407068,52.37204292
1842.857143,49.29882288
1843.307218,46.31881307
1843.757293,43.43198554
1844.207368,44.77777016
1844.657443,47.11796816
1845.107518,49.51752614
1845.557593,51.97642608
1846.007668,54.49465
1846.457743,57.07217988
1846.907818,59.70899772
1847.357893,62.40508552
1847.807968,65.16042529
1848.258043,67.97499902
1848.708118,70.84878874
1849.158193,73.78177643
1849.608268,73.75104021
1850.058343,72.0505718
1850.508418,70.37010376
1850.958493,68.70963011
1851.408568,67.06914491
1851.858643,65.4486422
1852.308718,60.63747374
1852.758793,53.78031142
1853.208868,47.33510203
1853.658943,41.30172155
1854.109018,35.68004596
1854.559093,30.46995126
1855.009168,27.15366262
1855.459243,25.54145382
1855.909318,23.9787367
1856.359393,22.46549638
1856.809468,21.00171799
1857.259543,19.58738666
1857.709618,18.44072869
1858.159693,17.64971903
1858.609768,16.87612518
1859.059843,16.11994191
1859.509918,15.381164
1859.959993,14.65978623
1860.410068,14.07753155
1860.860143,13.77288679
1861.310218,13.47160454
1861.760293,13.17368382
1862.210368,12.87912362
1862.660443,12.58792294
1863.110518,12.37518268
1863.560593,12.42497418
1864.010668,12.47486049
1864.460743,12.52484157
1864.910818,12.57491741
1865.360893,12.62508796
1865.810968,12.6753532
1866.261044,12.72571309
1866.711119,12.77616761
1867.161194,12.82671672
1867.611269,12.8773604
1868.061344,12.9280986
1868.511419,12.99335129
1868.961494,13.34974732
1869.411569,13.71092847
1869.861644,14.07689328
1870.311719,14.44764028
1870.761794,14.82316802
1871.211869,15.20347502
1871.661944,17.37207182
1872.112019,19.76688631
1872.562094,22.31602036
1873.012169,25.01942717
1873.462244,27.87705996
1873.912319,30.88887195
1874.362394,32.40936924
1874.812469,33.72213511
1875.262544,35.06082637
1875.712619,36.42543511
1876.162694,37.81595343
1876.612769,39.23237343
1877.062844,40.6746872
1877.512919,42.14288684
1877.962994,43.63696446
1878.413069,45.15691215
1878.863144,46.70272202
1879.313219,48.27438616
1879.763294,49.16739731
1880.213369,49.7597145
1880.663444,50.35551735
1881.113519,50.95480477
1881.563594,51.55757569
1882.013669,52.16382902
1882.463744,52.77356369
1882.913819,53.3867786
1883.363894,54.00347267
1883.813969,54.62364483
1884.264044,55.24729399
1884.714119,55.87441908
1885.164194,56.505019
1885.614269,57.13909268
1886.064344,57.77663903
1886.514419,58.41765698
1886.964494,59.06214544
1887.414569,59.71010334
1887.864644,59.39979619
1888.314719,57.84330729
1888.764794,56.30763633
1889.214869,54.79277708
1889.664944,53.2987233
1890.115019,51.82546877
1890.565094,49.23358651
1891.015169,44.63338252
1891.465244,40.25918963
1891.915319,36.11093952
1892.365394,32.18856391
1892.815469,28.49199452
1893.265544,25.61876659
1893.715619,24.57338487
1894.165694,23.5498804
1894.615769,22.5482466
1895.065844,21.56847687
1895.515919,20.61056465
1895.965994,19.73299464
1896.416069,19.15743859
1896.866144,18.5904576
1897.316219,18.03204911
1897.766294,17.48221053
1898.216369,16.9409393
1898.666444,16.40823284
1899.116519,15.88408857
1899.566594,15.36850393
1900.016669,14.86147634
1900.466744,14.36300323
1900.916819,13.87308202
1901.366894,13.39171014
1901.816969,13.92768164
1902.267045,14.48139333
1902.71712,15.04584046
1903.167195,15.62101973
1903.61727,16.20692787
1904.067345,16.80356158
1904.51742,17.41091759
1904.967495,18.02899262
1905.41757,18.65778338
1905.867645,19.29728659
1906.31772,19.94749897
1906.767795,20.60841723
1907.21787,19.92013072
1907.667945,18.9509838
1908.11802,18.00609795
1908.568095,17.08546586
1909.01817,16.18908019
1909.468245,15.31693364
1909.91832,17.40752423
1910.368395,20.86088068
1910.81847,24.62610912
1911.268545,28.70311466
1911.71862,33.09180241
1912.168695,37.79207749
1912.61877,40.12233118
1913.068845,41.01856893
1913.51892,41.92461363
1913.968995,42.84046225
1914.41907,43.76611178
1914.869145,44.70155919
1915.31922,45.64680146
1915.769295,46.60183558
1916.21937,47.56665852
1916.669445,48.54126726
1917.11952,49.52565878
1917.569595,50.51983007
1918.01967,51.57200015
1918.469745,52.69078826
1918.91982,53.82146608
1919.369895,54.96402993
1919.81997,56.11847615
1920.270045,57.28480108
1920.72012,58.46300105
1921.170195,59.65307239
1921.62027,60.85501144
1922.070345,62.06881453
1922.52042,63.294478
1922.970495,64.53199819
1923.42057,64.82210998
1923.870645,62.79012284
1924.32072,60.79069385
1924.770795,58.82381322
1925.22087,56.88947113
1925.670945,54.98765777
1926.12102,52.6946202
1926.571095,48.83160571
1927.02117,45.11599893
1927.471245,41.54775519
1927.92132,38.12682981
1928.371395,34.85317812
1928.82147,31.94416403
1929.271545,30.79580454
1929.72162,29.66857879
1930.171695,28.5624804
1930.62177,27.477503
1931.071845,26.4136402
1931.52192,25.37088562
1931.971995,24.34923289
1932.42207,23.34867563
1932.872145,22.36920746
1933.32222,21.41082201
1933.772295,20.4735129
1934.22237,19.55727375
1934.672445,19.25407412
1935.12252,18.99200503
1935.572595,18.73175785
1936.02267,18.47333204
1936.472745,18.21672704
1936.92282,17.96194233
1937.372895,17.70897735
1937.82297,17.45783156
1938.273046,17.20850443
1938.723121,16.9609954
1939.173196,16.71530394
1939.623271,16.4714295
1940.073346,16.22937155
1940.523421,15.98912953
1940.973496,15.75070291
1941.423571,15.51409114
1941.873646,15.27929369
1942.323721,15.04631
1942.773796,15.13558347
1943.223871,15.38108039
1943.673946,15.62852688
1944.124021,15.87792232
1944.574096,16.12926612
1945.024171,16.38255768
1945.474246,16.85879904
1945.924321,17.5003162
1946.374396,18.15374491
1946.824471,18.81908151
1947.274546,19.49632233
1947.724621,20.18546371
1948.174696,21.77889579
1948.624771,24.38020705
1949.074846,27.12794546
1949.524921,30.02206623
1949.974996,33.06252455
1950.425071,36.24927566
1950.875146,38.41797119
1951.325221,39.11148484
1951.775296,39.8111303
1952.225371,40.51690567
1952.675446,41.22880906
1953.125521,41.94683854
1953.575596,42.67099223
1954.025671,43.40126822
1954.475746,44.13766461
1954.925821,44.88017949
1955.375896,45.62881097
1955.825971,46.38355713
1956.276046,47.06820716
1956.726121,47.53719593
1957.176196,48.00846105
1957.626271,48.48200182
1958.076346,48.9578175
1958.526421,49.43590738
1958.976496,49.91627075
1959.426571,50.39890689
1959.876646,50.88381507
1960.326721,51.3709946
1960.776796,51.86044474
1961.226871,52.35216479
1961.676946,52.70926964
1962.127021,51.5438987
1962.577096,50.39167117
1963.027171,49.25258311
1963.477246,48.12663053
1963.927321,47.01380949
1964.377396,45.91411602
1964.827471,44.82754617
1965.277546,43.75409597
1965.727621,42.69376146
1966.177696,41.64653868
1966.627771,40.61242368
1967.077846,39.59141249
1967.527921,38.13285556
1967.977996,36.65628015
1968.428071,35.20900552
1968.878146,33.7910228
1969.328221,32.40232309
1969.778296,31.0428975
1970.228371,29.86638316
1970.678446,28.74617713
1971.128521,27.64749312
1971.578596,26.57032459
1972.028671,25.51466503
1972.478746,24.48050789
1972.928821,23.67112126
1973.378896,22.94932287
1973.828971,22.23877201
1974.279047,21.53946528
1974.729122,20.85139926
1975.179197,20.17457056
1975.629272,19.93962132
1976.079347,19.9460708
1976.529422,19.95252046
1976.979497,19.95897029
1977.429572,19.9654203
1977.879647,19.97187049
1978.329722,19.97832085
1978.779797,19.98477139
1979.229872,19.9912221
1979.679947,19.99767299
1980.130022,20.00412405
1980.580097,20.01057528
1981.030172,20.01702669
1981.480247,20.02347826
1981.930322,20.02993002
1982.380397,20.03638194
1982.830472,20.04283403
1983.280547,20.0492863
1983.730622,20.2375486
1984.180697,20.72759679
1984.630772,21.22345627
1985.080847,21.72512524
1985.530922,22.23260189
1985.980997,22.74588443
1986.431072,23.26497105
1986.881147,23.78985994
1987.331222,24.32054932
1987.781297,24.85703736
1988.231372,25.39932228
1988.681447,25.94740226
1989.131522,26.50127552
1989.581597,27.06094024
1990.031672,27.62639462
1990.481747,28.19763687
1990.931822,28.77466519
1991.381897,29.35747777
1991.831972,29.94607281
1992.282047,30.54044851
1992.732122,31.14060307
1993.182197,31.7465347
1993.632272,32.35824159
1994.082347,32.97572195
1994.532422,33.59897396
1994.982497,34.22799585
1995.432572,34.8627858
1995.882647,35.50334201
1996.332722,36.1496627
1996.782797,36.80174605
1997.232872,37.45959028
1997.682947,38.12319358
1998.133022,38.79255416
1998.583097,39.46767021
1999.033172,40.14853995
1999.483247,40.83516157
1999.933322,41.52753327
2000.383397,100
